năm	7398162
loại	5519557
thể	5396773
của	5191059
tháng	5046916
và	4861337
ngày	4626064
là	4432347
được	3940300
một	3852363
chú	3709946
thích	3693555
trong	3449489
có	3140825
vật	3116502
các	2895281
the	2628795
tham	2412383
thành	2166336
com	2150856
khảo	2147371
người	2049946
quốc	2016250
thực	1957362
động	1941090
ở	1918492
a	1862478
họ	1802261
với	1718917
đã	1703196
này	1652534
đề	1632835
cho	1622560
nam	1594864
loài	1591645
bộ	1562774
không	1544380
vào	1540251
học	1528751
chính	1527250
hoa	1524759
tại	1412692
đầu	1407318
phân	1393243
gia	1384126
liên	1382886
số	1367569
bản	1328074
kết	1311293
công	1299671
từ	1283658
bóng	1228882
viên	1217031
kỳ	1171975
đá	1163428
nhà	1156032
tin	1148903
sự	1142316
dân	1121715
giải	1115245
trung	1104119
hình	1103882
in	1090571
e	1089917
đến	1072797
khi	1072041
tả	1065126
những	1045532
bảng	1041383
tên	1013786
xã	993200
hành	973607
đại	963620
em	961524
về	959880
theo	955780
sau	952670
tỉnh	946139
tập	942086
anh	936031
thế	920462
quân	910220
ra	897906
trên	889995
ngoài	884667
việt	870598
nhân	867503
để	862376
hội	851659
mô	849039
đó	830759
bị	827384
hai	818223
sách	813219
tiêu	811579
ông	797406
nhất	796504
tiên	795143
thông	783068
đội	780076
thuộc	777697
khoa	774145
sinh	773063
xuất	770392
như	759537
danh	754674
nghiêng	745088
nội	737375
pháp	732889
sử	732208
độ	726449
thủ	709808
thời	708673
đồng	705055
chiến	695842
bài	692966
thị	687667
de	679236
do	675624
vị	670376
phát	661448
cầu	656661
en	656634
hiện	654868
lại	653586
thứ	647541
định	644795
cập	641558
huyện	641380
phim	637972
nước	635415
khu	631856
quan	629238
báo	626463
châu	621423
cũng	615921
văn	604810
làm	603886
con	601068
chân	598307
to	591609
việc	591594
đổi	589518
y	585930
truy	577593
tác	575747
chủ	575055
lý	571754
ban	571510
đông	568202
cánh	562089
giới	554964
nhiều	553508
phố	551543
tiếng	549962
khác	547820
chỉ	545592
tây	544059
chức	538713
mùa	524977
cấp	524924
địa	524128
cùng	517265
on	515845
tự	515618
thống	513928
dòng	507435
trường	507006
dụng	505385
thảo	502241
bắc	500958
chi	499730
hợp	498150
lá	496266
cao	495862
quận	494824
cộng	491186
diễn	490582
vùng	485914
giáo	481640
phần	480979
nó	480257
no	471133
hòa	470251
ba	466657
luận	466179
cách	465967
minh	464788
còn	464106
sĩ	462383
lập	460797
tổng	459458
bình	457687
trước	457546
i	456922
an	453025
vụ	452631
nhan	451259
u	447367
điều	447020
cơ	445952
mỹ	445813
lưu	445599
phải	441170
vô	440529
tiểu	436771
cuộc	436279
hơn	435740
trận	435442
hoàng	435418
tế	435169
điểm	430757
bang	427717
đây	424066
đức	423240
chúng	422025
trang	421899
trình	421618
ý	415313
trí	413488
hiệu	413160
vận	412623
sản	411596
trùng	407271
nhưng	406790
chí	406041
đấu	406012
điện	405381
lan	405237
nhạc	402952
đường	402912
sân	402858
nhận	402375
vương	400845
nữ	400094
tiếp	396884
bằng	392905
la	386067
biểu	385489
tính	385379
thổ	384257
thái	383673
mi	383658
côn	382227
ảnh	381054
kinh	379720
qua	379719
khớp	378709
thanh	378634
vòng	377334
đô	375735
nhật	375255
cả	373686
đoàn	372196
hoặc	370048
tàu	369567
âu	368429
lần	368088
địch	366337
hàng	365311
tử	365064
lượng	364656
trở	363913
thường	362619
truyền	362599
quyền	361921
hóa	361333
vì	360890
hà	360150
co	359864
trị	359555
bởi	358730
đối	358102
sẽ	355620
hệ	355215
giả	354244
rằng	352518
bay	351999
ngữ	348191
giờ	347681
khai	345977
sống	345607
lớn	344944
mà	342574
tranh	341954
đạo	341271
thức	340538
lịch	340054
hạng	339838
đơn	338830
viện	338245
vi	337132
dương	336319
trưởng	334508
phía	331962
nguyễn	331578
nghiệp	330221
tích	329501
gồm	325896
hải	324993
mới	324173
lực	324001
ca	320441
câu	320308
bao	319971
tổ	319547
nhĩ	319228
dưới	318417
toàn	318408
tạo	318403
phương	317239
nguyên	316782
máy	316507
tựa	314804
bảo	313673
đi	309871
lên	309436
bắt	308627
nhỏ	307926
tư	306654
ấn	302752
sơ	300947
lạc	299970
mình	299035
hậu	297965
miêu	296506
thì	294835
cô	294647
thuật	294145
dịch	293769
nghĩa	293160
nhiệm	292419
vực	292125
thêm	291967
xếp	291224
nhiên	289965
xem	289802
viết	289795
mặt	289722
thắng	289591
tinh	288044
đánh	286505
tài	286095
gọi	285882
gian	285555
long	284720
mục	284610
kim	284140
đặc	282934
tiền	281293
nghệ	276606
ngôn	276295
mầm	275505
phong	275249
dự	272854
tâm	272786
chương	272321
biển	272092
mẫu	271986
thiên	269211
phi	268589
bọ	267913
kỷ	267726
quyết	267109
hay	266529
nơi	265744
âm	265615
tượng	264041
á	263059
phòng	261452
thi	260274
cứng	260243
cư	259966
vai	259831
hoạt	258635
chuyển	257831
diện	257639
tôi	256883
thu	255797
lớp	254529
cờ	254347
cá	252898
thật	250627
chơi	249310
nên	249244
năng	249178
kế	248947
cuối	246195
bố	245561
tình	245462
trữ	245440
lang	245150
thiết	245013
đảng	244860
hát	244590
giao	244197
phủ	241638
ghi	241226
tuyển	241161
hướng	240846
thay	240823
vũ	239599
đất	239464
biệt	238864
hồ	237663
nha	236845
khoảng	235826
thấy	235815
trọng	235064
vệ	233775
phẩm	232921
don	232536
sở	231955
liệu	231056
mã	230528
di	229675
bạn	229300
đảo	228454
nhóm	228396
chế	228392
bàn	227984
cổ	226024
giữa	225636
đang	224876
chung	224698
tạp	224657
thân	224381
chất	224021
triển	223644
tuổi	223368
quả	223038
o	222121
đồ	218996
hồng	218818
nguồn	217379
sao	216411
làng	215343
nói	215175
đế	215134
nay	214481
tướng	214280
biết	214272
cử	213155
trò	212584
tiến	211901
nga	211425
thư	211360
rất	211180
sơn	210238
bà	209902
kiến	208854
ủy	208336
dẫn	207764
tương	205428
hè	205403
sắc	204830
tới	203817
nổi	203399
thương	203398
mất	203022
huy	202446
sát	202298
dùng	202025
đình	202011
thần	201527
nhau	198483
by	197649
đêm	197171
bên	196401
giá	196106
biến	195959
án	194073
niên	193579
cứu	193152
sáng	192818
doi	192817
hữu	192573
dài	191958
đặt	190617
cảnh	190456
màu	190193
trần	190180
đài	189925
hiệp	189386
ta	189298
phụ	189029
bán	188077
đều	187073
tấn	186485
tăng	185574
thao	184527
nghị	184385
sông	183395
ga	182702
cần	182592
phục	182567
vua	182276
triều	181802
cung	181673
vẫn	181443
tuy	181054
hoàn	181000
tân	180837
đời	179895
mở	179613
quy	179263
ứng	178529
be	178013
miền	175278
cúp	174948
nào	174527
chọn	173632
cái	173367
trấn	173215
quản	172925
bất	172914
may	171387
dung	171306
quá	170223
sư	170164
đóng	170143
gần	170112
triệu	169759
ký	169665
tìm	169573
tộc	168530
giữ	168471
yêu	168466
phó	168393
rộng	167976
binh	167144
dạng	166778
nhập	166760
quần	166695
xe	166258
ăn	165732
bỏ	165055
luật	164575
trực	164556
biên	164362
du	163861
chuẩn	163576
tra	163463
so	162664
giám	162645
bướm	162280
phạm	161683
ngoại	161406
đưa	161004
khí	160476
mang	160233
từng	160204
hạt	160149
trợ	160078
chưa	159862
lê	158584
nằm	158129
quảng	158072
tục	157844
ty	157425
thủy	157391
can	157305
nếu	156962
lục	156326
song	155800
ninh	155782
hàn	154566
chiếc	153603
nhánh	153562
tuần	152385
kiện	152157
kê	152068
lãnh	151640
xác	151598
đào	150766
van	149172
trẻ	147761
dựng	147251
thập	147194
dù	147044
đoạn	147001
tất	145978
phép	145912
vàng	145464
giai	145109
thưởng	144954
mạng	144554
quang	144264
tịch	143553
tiết	142781
san	141806
xây	141134
khách	141014
sang	140654
bệnh	140557
khẩu	140135
phiên	139563
gốc	139533
tuyến	139439
tay	139003
vấn	138484
lễ	138377
phản	137662
nền	137309
giang	137239
hạ	137137
khởi	137097
yếu	136960
chứng	136442
hạn	136395
mạnh	136307
lệ	134499
hộ	133742
cảm	133444
nghiên	133277
nhện	132974
giống	132944
ai	132564
độc	132249
duy	132148
trái	132117
kể	131946
kiểm	130972
thúc	130303
thuyết	130048
lúc	129798
chống	129569
giành	129202
giúp	129180
đa	127627
chữ	127574
phổ	127428
kích	126908
bầu	126346
bổ	126328
môi	126189
linh	125766
lời	125717
nhiệt	125637
lâm	125593
cây	125349
đạt	124918
phá	124362
mỗi	123722
chuyên	123710
dục	123529
đĩa	123405
tốt	123373
thiếu	123252
cáo	123251
ngôi	123138
tôn	122504
vậy	121605
thượng	121413
chết	120904
tro	120675
kỹ	119657
cố	119096
trai	119076
cục	118984
xa	118964
dấu	118897
trời	118875
tỷ	118653
thánh	118409
áo	118397
tòa	117989
chia	117871
gây	117868
lấy	117788
xứ	117034
mặc	117027
thuận	116631
khả	116397
tuyên	116396
xuân	116330
môn	115955
mắt	115324
phú	115089
hồi	114902
áp	114848
doanh	114671
cúc	113793
chim	113739
xô	112958
da	112801
tông	112628
mật	112130
mẹ	111979
luyện	111943
vẩy	111046
thụy	110875
núi	109758
hưởng	108758
tước	108674
cha	108492
giáp	108274
phường	108103
main	106921
đủ	106483
ngay	106310
hầu	105835
điển	105760
ít	105124
bí	104804
rồi	104723
hán	104340
đôi	104272
khỏi	104085
ruồi	103871
lai	103616
lợi	103608
đậu	103418
sức	103296
đốc	103261
pháo	102843
hết	102744
rõ	102524
tưởng	102456
chiếm	101693
gặp	101616
tối	101562
chu	101244
phóng	101214
lệnh	100835
ngọc	100659
na	100497
huấn	100265
cải	99014
đăng	98777
riêng	98561
quay	98368
mọi	98061
tu	97701
gái	97166
thất	97033
yên	96365
muốn	96073
thơ	95348
cực	95285
bại	95036
trúc	94951
lộ	94898
úc	94604
tốc	94513
hương	94031
ương	93910
khóa	93748
le	93549
min	93474
ngầm	93304
chấp	93227
xuống	93046
quán	92933
nghiệm	92721
ma	92664
sa	92605
khiến	92468
truyện	92423
đỏ	92379
nghi	92200
lao	92063
sửa	91548
khúc	91431
lương	91377
cửa	89936
kịch	89343
tam	89058
dụ	89040
lâu	88476
hy	88356
trụ	88342
mềm	87994
giảm	87938
ngành	87739
chúa	87523
sóng	87518
eng	87235
vĩnh	86957
thấp	86940
ánh	86862
thờ	86861
chiều	86511
dựa	85708
đáng	85662
cụ	85568
ước	85475
bốn	85429
nông	84648
dữ	84401
hưng	84378
chuyện	84278
tồn	83964
băng	83853
tức	83587
vợt	83505
tố	83194
kiểu	83142
góp	83095
mức	83043
cũ	82681
phúc	82619
cấu	82576
cận	82353
lửa	81903
tai	81809
toán	81430
đứng	81253
chạy	81224
sâu	81052
ru	80677
khánh	80407
nữa	80294
trương	79755
tải	79508
au	79431
phái	79244
nhanh	79204
cứ	79097
trao	79076
chuyến	78744
quý	78732
trục	78567
xuyên	78519
phối	78428
dong	78383
đai	77308
họa	77141
súng	77084
mai	76999
thoại	76913
phận	76899
bồ	76830
ấy	76445
mạch	76297
nhằm	76114
pa	75939
đàn	75868
ví	75805
loạt	75731
nhìn	75687
màng	75660
hôn	75654
hỏng	75561
ngắn	75545
hỗ	75522
trắng	75279
lĩnh	74691
dành	74341
vượt	74140
dây	73947
đua	73844
xử	73713
xanh	73491
niệm	73475
man	73369
đới	72878
su	72573
siêu	72566
xin	72442
my	72190
bật	72105
séc	72014
me	72002
mồ	71981
vây	71964
hộp	71413
mua	71021
thiện	70607
bá	70570
coi	70531
đích	70509
đen	70295
vinh	70198
tri	70089
vài	69783
phật	69753
tống	69749
chinh	69669
đầy	69593
bắn	69552
hàm	69511
soát	69471
hoạch	69448
tái	69436
hùng	69395
sai	69268
hiến	69252
von	68920
chiếu	68642
ly	68526
trưng	68511
tín	68460
trạng	68343
ngô	68052
bão	67710
thử	67662
chứa	67612
hãng	67407
xét	67340
lạp	66853
trả	66604
thừa	66601
cua	66383
côi	66382
bụng	66380
ha	66354
kiếm	66280
sắp	66258
kính	66058
phút	65948
thạch	65727
vĩ	65703
võ	65667
bức	65411
day	65074
xóa	64963
cạnh	64725
phiếu	64655
tứ	64639
xung	64631
kéo	64624
hạm	64600
buộc	64508
đổ	64500
vành	64400
bờ	64277
quanh	64082
suất	63934
vân	63893
mại	63859
ô	63722
loan	63661
chịu	63496
phù	63494
căn	63398
sung	63368
khắc	63361
rừng	63325
uy	63247
khó	63010
thăng	62945
sứ	62861
va	62857
tội	62775
lòng	62483
thua	62412
hại	62358
tháp	62181
nghe	62023
giết	61985
lượt	61857
go	61773
bạch	61722
trì	61670
lon	61492
đọc	61468
rút	61403
thuốc	61270
phan	61269
đương	61093
giấy	61029
ngân	60983
hiểu	60595
thú	60531
cựu	60192
lược	60185
khoản	59985
mét	59714
thiệu	59648
nối	59315
vợ	59281
nặng	59120
chủng	59087
khối	58868
mối	58863
đà	58835
cấm	58710
điền	58389
thí	58373
phí	58260
buổi	58220
lam	58211
lọc	57672
lông	57605
tầng	57263
liệt	56617
bo	56439
phê	56428
vốn	56409
chỉnh	56358
tô	56217
trách	55946
vọng	55891
đột	55718
li	55334
cường	54958
hỏi	54743
bạc	54637
dễ	54613
cai	54608
dinh	54385
mộ	54081
sắt	53873
đảm	53733
giác	53716
kênh	53633
rời	53427
nhờ	53395
luân	53069
non	53067
kẻ	52818
xảy	52779
đạn	52678
cam	52608
luôn	52567
sáu	52561
tá	52491
nạn	52438
rêu	52305
sun	52121
suy	51918
đan	51795
đẹp	51709
men	51689
cuốn	51645
bò	51265
cầm	50997
chẳng	50886
tầm	50847
bãi	50846
thôn	50756
màn	50702
nghề	50593
hi	50368
hủy	49745
ngựa	49699
đúng	49609
bước	49497
trừ	49485
bác	49471
vườn	49451
mời	49396
thọ	49127
tàng	49082
càng	48954
nuôi	48897
ả	48807
rập	48586
ủng	48483
cẩm	48480
vừa	48415
quyển	48410
cong	48334
cát	48147
tần	48130
xương	48130
tan	48128
bào	48121
giản	48105
king	48061
quỹ	47900
phu	47737
ngũ	47627
tiện	47338
suốt	47260
si	46892
cỏ	46875
trích	46859
mười	46835
hung	46784
than	46618
bày	46416
tỏ	46292
nguy	46267
cảng	46249
viễn	46067
măng	45912
mạc	45884
dầu	45839
ri	45646
đẩy	45620
thụ	45571
kháng	45269
kìm	45078
am	45060
hoi	45055
cổng	45010
hài	44989
sài	44981
mun	44763
bối	44680
hơi	44502
huân	44399
bưu	44285
đỉnh	44167
cậu	44156
tim	44136
tường	44129
chồng	44046
thẩm	43970
lộc	43958
nâng	43923
dần	43919
bánh	43868
tán	43785
thịt	43742
phước	43721
nửa	43712
trào	43575
gửi	43516
nổ	43432
khá	43274
bom	43254
bậc	43226
trịnh	43127
trinh	43113
loạn	42973
voi	42941
lỗi	42816
chùa	42693
đền	42635
tỉ	42604
tạm	42406
tha	42161
bi	42116
đệ	42102
thăm	42081
mượn	42001
tuấn	41912
tắc	41894
gòn	41871
khủng	41756
lôi	41667
chỗ	41523
mưu	41509
bỉ	41443
trải	41410
tùy	41403
lính	41394
xúc	41373
cắt	41308
lo	41271
dan	41187
đuôi	41137
bảy	41038
ve	41035
hoang	40846
mông	40775
nhớ	40554
ngược	40504
hiểm	40504
diệt	40466
tuyệt	40414
nhiễm	40382
vu	40368
nghĩ	40340
đỗ	40329
nghiêm	40266
khung	39838
mộc	39797
xỉ	39689
then	39500
thai	39468
tắt	39437
tĩnh	39328
đẳng	39311
se	39307
vong	39181
ngăn	39077
thuyền	39065
huyền	39048
tặng	39018
quê	38868
nhi	38781
cà	38608
xâm	38515
vịnh	38154
nom	38147
rối	38135
khán	38089
múi	37922
sớm	37849
ống	37777
xu	37720
tách	37685
gắn	37663
cương	37616
ẩm	37456
hoan	37428
ngư	37341
ho	37321
ong	37193
thang	37168
tù	37127
lào	37117
ốc	36912
hong	36878
lăng	36783
chó	36700
thác	36400
máu	36361
soạn	36272
hỏa	36191
phán	36168
chóng	36021
tránh	35894
thẳng	35893
phạt	35733
hiếu	35621
gió	35567
mực	35456
trại	35324
ưu	35271
dao	35019
ẩn	34994
món	34888
sáp	34806
đáp	34706
ném	34681
mong	34526
che	34452
dũng	34376
xạ	34348
đôn	34320
thoát	34315
den	34259
đoạt	34257
liền	34236
tom	34151
trà	34084
tùng	34065
thù	34051
đinh	34041
đem	33859
te	33770
thước	33695
sẵn	33688
vui	33510
sóc	33495
ràng	33467
bách	33402
bin	33283
họp	33246
chấm	33216
hang	33155
nghỉ	33133
chìm	33112
miễn	33040
ích	33023
gaon	32965
hòn	32951
khắp	32941
góc	32819
lẽ	32806
dai	32788
nhảy	32718
triết	32611
lồng	32601
lưới	32551
huế	32547
tám	32475
mưa	32352
hoài	32283
rơi	32261
cặp	32261
chặn	32255
cỡ	32173
bé	32165
lẫn	32162
chứ	32144
bùi	32102
lựa	31936
ngang	31878
pha	31859
khiển	31815
hút	31738
cân	31731
chắc	31726
ngờ	31705
dị	31681
hôm	31676
dọc	31658
dạy	31633
tóc	31586
đo	31446
rắn	31441
son	31410
mũi	31396
he	31349
hanh	31341
chép	31271
tuyết	31192
cụm	31189
nẵng	31023
hổ	31022
chị	31001
gắng	30971
nhẹ	30923
chảy	30922
ngụy	30894
vạn	30790
thịnh	30763
chợ	30762
trăng	30603
thiến	30552
lối	30519
đoán	30502
chụp	30478
hiển	30408
sẻ	30370
khấu	30344
tờ	30320
bìa	30304
săn	30266
giọng	30214
trống	30116
hãy	30102
tọa	30061
un	29892
thỏa	29815
vẽ	29760
lưỡng	29760
liêu	29687
chuồn	29647
khăn	29646
chiêu	29615
canh	29589
bến	29496
hư	29440
thôi	29421
gà	29419
lỗ	29396
nắm	29393
trú	29362
nhắc	29297
nhu	29235
ổn	29202
tia	29170
vuông	29158
dưỡng	28966
nguoi	28898
kém	28895
hấp	28872
nỗ	28870
đe	28847
biện	28806
tú	28798
tàn	28769
thiệt	28693
phức	28673
mệnh	28592
hạnh	28548
dãy	28503
xưa	28435
thậm	28369
dọa	28272
cú	28233
cột	28150
via	28136
nhung	27964
gai	27953
giảng	27843
dư	27714
kì	27684
chánh	27595
cu	27589
dậy	27586
buôn	27584
khỏe	27445
chữa	27379
thảm	27330
vẻ	27307
chối	27250
mỏ	27207
sợ	27206
đỡ	27173
vang	27134
chấn	27074
nương	27073
rượu	27054
cơn	26954
điệu	26885
huỳnh	26853
khái	26829
kiên	26825
cãi	26807
đuổi	26807
phỏng	26789
ung	26715
ky	26694
tròn	26672
hun	26619
tang	26594
lưng	26516
lui	26465
vú	26454
củi	26445
đau	26406
tảng	26369
đặng	26251
nhị	26249
tận	26225
tre	26178
cốt	26036
lạnh	26005
thẻ	25982
ben	25968
bạo	25950
chăm	25849
dã	25837
chuyền	25757
noi	25742
phe	25688
dõi	25668
gỗ	25652
trăm	25650
nguyện	25642
sam	25624
tấm	25579
trồng	25560
bề	25533
ấp	25487
sim	25442
num	25428
giam	25383
trạm	25368
đâu	25356
nguyệt	25251
hô	25233
ray	25184
uống	25172
dàn	25133
kiều	25130
huệ	25121
kia	25090
chuỗi	25029
ái	25014
mãn	25007
nho	24835
đàm	24749
nóng	24691
thạnh	24669
vỏ	24558
kiêm	24551
tào	24509
duyệt	24448
đám	24405
ngừng	24384
say	24240
đồn	24227
tháo	24220
dau	24214
lữ	24213
tung	24203
bơi	24195
tệ	24172
trượt	24065
chín	24025
khang	24013
khổ	23996
quỳnh	23915
lãng	23869
ơn	23858
tổn	23822
tụ	23799
dứt	23797
mắc	23787
đón	23738
thuế	23710
quế	23626
ân	23614
nai	23599
thuần	23541
gioi	23525
cháy	23490
hoại	23467
khô	23439
trứng	23390
cháu	23374
bột	23332
hằng	23301
thiểu	23291
cửu	23225
mẽ	23139
chạm	23080
mạn	22984
ác	22980
nhì	22923
khổng	22921
dang	22907
nâu	22904
khám	22809
đợt	22776
ro	22730
chan	22672
thong	22668
ám	22619
chuột	22537
mê	22533
kho	22500
lái	22495
khuôn	22479
mái	22471
dừng	22452
trốn	22411
kèm	22388
hu	22373
xưởng	22337
tran	22278
tò	22244
rãi	22223
cán	22198
chắn	22197
điệp	22190
hào	22176
lân	22125
ranh	22111
vò	22109
ven	22084
vỡ	21970
đởm	21962
úy	21931
ni	21839
tiêm	21786
dược	21659
bát	21637
são	21618
gay	21603
hứng	21562
ki	21553
túc	21545
xi	21515
sót	21514
vảy	21505
út	21502
mao	21492
giây	21482
ngọt	21468
duyên	21234
mơ	21230
coa	21221
dặm	21198
nhãn	21181
han	21113
thám	21100
hiền	21059
thầy	21024
lọt	20986
giàu	20955
khơi	20932
xưng	20729
đứa	20689
ngồi	20557
tạng	20549
đốt	20520
thoi	20488
cất	20479
lỵ	20454
hỗn	20396
chở	20330
dày	20325
khôi	20297
hiếm	20274
ham	20215
khẳng	20160
thiền	20130
khải	20024
sánh	20017
cự	20017
pho	19947
dia	19927
khan	19870
thải	19819
huyết	19815
trúng	19815
rain	19803
moi	19746
khuyến	19726
leo	19703
mèo	19660
thép	19642
tạ	19636
sen	19608
bia	19487
mấy	19473
thách	19466
re	19421
sui	19416
nhiếp	19365
thả	19363
rồng	19360
lũng	19334
quen	19331
đòi	19306
thuê	19278
kỉ	19252
sin	19192
vở	19163
gân	19142
cướp	19127
thục	19110
xích	19003
khen	19003
cừu	18992
kiệt	18908
im	18907
cau	18849
bút	18846
tuân	18809
ngự	18799
phụng	18789
kêu	18748
hạc	18748
ảo	18735
nhượng	18717
sàng	18700
khanh	18670
kỵ	18608
đực	18605
hồn	18601
chặt	18600
tề	18596
dàng	18578
trạch	18531
hứa	18486
ngại	18378
ngọn	18358
lão	18343
nêu	18321
đồi	18320
răng	18293
bong	18293
nòng	18200
giáng	18173
mau	18158
ghế	18153
chướng	18131
quỳ	18114
pen	18114
chờ	18094
sữa	17901
xá	17878
lành	17819
chào	17803
chua	17784
già	17757
lạ	17750
hoảng	17716
táng	17712
hinh	17529
nhuận	17526
ngã	17507
miệng	17491
diệp	17416
mo	17409
ua	17401
thung	17398
lợn	17299
mây	17256
chậm	17251
phượng	17235
trầm	17232
ngàn	17227
nhấn	17216
cốc	17175
lẻ	17147
mảnh	17145
nu	17111
ten	17098
bông	17088
ngẫu	16999
hãn	16968
chư	16944
nghèo	16895
eo	16877
chặng	16854
cản	16853
niềm	16839
tóm	16814
hâm	16768
nô	16739
ức	16718
vững	16710
não	16689
bích	16679
vết	16645
viêm	16611
gián	16606
duệ	16556
khuyết	16540
khích	16538
nhơn	16530
lô	16528
mừng	16486
nang	16445
dải	16423
mãi	16392
ấu	16385
cống	16366
xê	16340
trân	16291
vo	16262
muối	16227
dâm	16186
thận	16172
bè	16163
tuệ	16112
hắn	16110
hầm	16044
chen	16020
nét	16010
diên	15995
chút	15991
rau	15986
xấu	15946
treo	15921
gấp	15916
khong	15838
mộng	15814
hề	15801
thùy	15774
vịt	15752
vé	15725
xoay	15725
lằn	15720
ngợi	15691
miếu	15685
ngủ	15634
sưu	15628
mì	15606
đập	15579
nàng	15565
lồ	15559
nghìn	15545
ti	15517
lặn	15503
nút	15490
gỡ	15485
tiềm	15480
quái	15456
gu	15415
choi	15389
xám	15376
mìn	15364
đầm	15340
lãm	15285
mạo	15283
bốc	15277
thằn	15273
đèn	15238
lắp	15223
phẫu	15197
sụp	15172
chăn	15163
run	15142
nạp	15130
làn	15102
à	15081
tho	15029
bê	14986
chòm	14979
ngài	14973
nỗi	14971
hưu	14966
buồn	14926
bội	14925
toi	14925
ép	14915
mát	14903
xong	14861
ôn	14798
lệch	14786
hẹp	14783
yến	14772
đạp	14736
lài	14734
khoáng	14713
phùng	14682
tỏa	14677
nấm	14668
lu	14667
cưới	14595
chàng	14593
ke	14585
đậm	14567
sút	14493
hon	14467
po	14436
phích	14423
thợ	14420
khê	14411
ngực	14410
đắc	14344
dỡ	14326
đừng	14320
đợi	14312
lật	14303
sạch	14298
ian	14296
sợi	14266
bàng	14260
nhầm	14253
dường	14208
ne	14202
lò	14152
điêu	14147
xén	14136
sạn	14120
mồi	14112
cáp	14098
lặp	14078
ken	14074
ghép	14070
bèn	14036
thiệp	14034
thài	14029
bụi	14007
pan	14006
ui	14006
khuẩn	13959
tết	13951
bấy	13921
quỷ	13892
lỏng	13888
gan	13886
chang	13856
cói	13820
diệu	13774
hảo	13765
nhịp	13758
lư	13745
ngưỡng	13741
nhắn	13710
nhạt	13701
bọc	13690
thúy	13668
củng	13658
dò	13654
trâu	13579
khứ	13518
mươi	13494
tảo	13473
lin	13451
suối	13395
ngãi	13386
sổ	13359
chày	13346
thoái	13331
tật	13309
dáng	13304
rổ	13231
nhậm	13204
bồi	13196
bùng	13123
lội	13122
xứng	13117
đằng	13116
sàn	13111
lạt	13103
cuồng	13101
quách	13056
rạp	13045
bái	13014
lũ	13010
bền	13006
đáy	12983
ngộ	12957
căng	12953
tong	12918
bây	12893
toan	12876
que	12862
dịp	12835
bọn	12828
lí	12809
ping	12786
chuông	12785
đẻ	12761
gói	12753
trông	12734
liễu	12724
gương	12698
lầm	12659
mu	12616
phế	12579
ngập	12537
ruột	12522
cậy	12506
rã	12472
bai	12441
thuẫn	12382
phiêu	12381
gọn	12376
trộn	12365
gợi	12354
mẫn	12342
nhựa	12335
quát	12327
dách	12312
dạ	12306
khiêu	12269
lúa	12268
síp	12264
chôn	12263
ván	12259
chúc	12258
mảng	12211
dâng	12192
dĩ	12190
mâu	12186
ấm	12174
hẹn	12162
gò	12149
dắt	12106
vượng	12099
kín	12094
gạo	12066
ny	12062
khuyên	12030
đoan	12009
lừa	12007
ao	11976
phấn	11964
lùi	11936
thạc	11881
nấu	11876
mậu	11869
thâm	11866
tươi	11815
mọc	11805
đáo	11805
đấy	11786
tốn	11778
tịnh	11745
lạm	11718
giận	11714
mốc	11682
khẩn	11624
lắm	11619
chốt	11588
chèo	11588
len	11550
hoãn	11545
nợ	11535
tím	11507
khương	11465
bữa	11457
mường	11446
sùng	11442
mùi	11424
phẳng	11403
pham	11380
múa	11344
sói	11299
tiệp	11290
gạch	11281
bính	11247
quên	11200
đun	11195
nhã	11193
uyên	11190
kĩ	11164
quyên	11138
kịp	11130
cối	11121
vũng	11100
lạng	11091
tràng	11091
tráng	11074
chiêm	10998
vạch	10964
liu	10963
đúc	10943
neo	10942
lõi	10920
rác	10907
cẩn	10864
táo	10857
chiết	10857
trừng	10816
gun	10799
đốm	10793
soái	10791
hối	10786
túy	10756
dam	10727
huống	10669
bù	10646
túi	10627
dơi	10604
guy	10591
sốt	10569
rào	10564
lắng	10521
cóc	10520
chay	10497
ổ	10491
giấc	10483
viền	10463
xiêm	10454
móng	10422
ngai	10408
tren	10407
củ	10381
cạn	10367
giỏi	10320
ia	10310
tao	10295
pin	10291
tựu	10284
pi	10253
cười	10240
dẹp	10237
león	10236
nở	10234
dời	10225
quét	10222
rô	10216
ếch	10212
bệ	10179
mù	10170
rạch	10153
hoằng	10138
nề	10116
đựng	10113
lườn	10098
mờ	10096
ưa	10092
nhắm	10083
mũ	10079
hẳn	10046
liêm	10037
giật	10032
sỹ	10002
seo	9999
vắng	9995
muộn	9956
đòn	9944
them	9927
xóm	9886
càn	9884
khía	9877
doãn	9845
roi	9828
miện	9823
nghịch	9803
nhai	9788
tản	9786
đắm	9773
hoành	9765
thy	9742
thỉnh	9716
tràn	9706
lưỡi	9698
tiệc	9675
kép	9665
ngạc	9622
sừng	9602
phun	9600
lũy	9568
gấu	9559
tum	9543
xướng	9542
rạn	9538
xà	9514
mon	9500
sườn	9498
sâm	9488
diều	9476
phiến	9457
chẽ	9431
oanh	9381
thô	9363
đèo	9350
thỏ	9343
đứt	9306
ngạn	9300
chục	9297
dứa	9293
đói	9275
quyến	9253
ngà	9233
phổi	9230
tuoi	9226
tấu	9226
hãm	9223
giấu	9218
nan	9189
dâu	9159
khe	9153
tơ	9114
thuy	9103
kem	9073
nốt	9058
lanh	9055
vải	9045
ram	9033
khoan	9021
dính	9017
khỉ	9014
heo	8967
phả	8955
bó	8932
ngu	8910
quạt	8907
sọc	8869
khoán	8856
dội	8856
miên	8845
vời	8824
rom	8807
ruộng	8805
xoáy	8804
trật	8788
khâm	8781
nồng	8771
tuyền	8755
dốc	8747
huynh	8732
nộp	8713
khiết	8700
béo	8647
lặng	8626
đống	8615
cài	8606
ngo	8605
ain	8605
hố	8598
nhiêu	8590
vay	8588
manh	8570
liều	8564
tê	8549
dại	8537
tị	8521
châm	8506
mòn	8491
khiêm	8477
khói	8468
mỏng	8453
tụng	8427
tiễn	8421
loa	8412
hôi	8400
sương	8395
rùa	8383
gặm	8364
thới	8363
đeo	8351
xoắn	8343
kha	8330
chẩn	8321
mắn	8307
xay	8285
hước	8271
trọn	8262
leon	8261
kí	8241
súc	8240
vẹn	8232
hắc	8227
đệm	8201
đính	8145
keo	8137
cuộn	8137
bành	8111
gốm	8104
sum	8102
móc	8072
tà	8071
bớt	8046
ron	8046
ngon	8042
triệt	8026
vòi	8025
rửa	8017
tể	8010
miến	8007
chem	7976
khoang	7975
sải	7971
thở	7970
chổi	7954
chong	7951
đâm	7945
rẽ	7929
chau	7923
nhạy	7911
ngón	7885
cúng	7845
giày	7840
nhọn	7839
trôi	7837
đổng	7814
nắng	7813
gối	7790
buýt	7776
gừng	7752
lã	7746
bếp	7733
khâu	7732
hau	7726
dê	7720
hạo	7717
thự	7678
lụt	7670
ngục	7665
thơm	7633
ang	7630
cơm	7627
mỡ	7619
nướng	7619
nhấm	7603
lộn	7602
đam	7595
tát	7560
hao	7555
loi	7532
bau	7531
nhẫn	7529
xuan	7523
nhũng	7514
lùn	7509
lường	7472
gioan	7470
nhé	7469
dám	7459
vao	7456
khoác	7403
ring	7391
doan	7363
khoai	7350
cưỡng	7350
tôm	7348
khóc	7329
xinh	7318
ching	7315
rủi	7309
tiếc	7290
trộm	7288
cay	7260
khuất	7252
ngừa	7251
cù	7247
sét	7237
chừng	7220
nong	7210
lay	7207
kiệm	7206
lim	7204
hoạn	7204
đãi	7178
tẩy	7173
lấp	7165
mặn	7162
ráy	7129
rịa	7126
nhược	7118
thùng	7080
rung	7069
vòm	7068
khuê	7065
gõ	7058
khát	7053
nén	7051
lầy	7032
thiếp	7015
bầy	7009
quãng	7005
kèn	7004
cưỡi	6994
tắm	6983
trắc	6980
trùm	6977
lựu	6957
lây	6953
xen	6947
ngưng	6939
vươn	6932
ngắm	6924
nảy	6911
chùm	6879
ngụ	6876
ngột	6865
bám	6851
buồng	6843
nhiễu	6820
hân	6815
rễ	6775
cồn	6759
ngòi	6749
giãn	6745
dừa	6713
quà	6685
diệm	6675
chém	6673
viếng	6666
gio	6661
rong	6619
xít	6608
đàng	6593
mập	6572
hoán	6565
toa	6536
rải	6519
nham	6518
chai	6517
ướt	6480
sôi	6478
hạch	6475
trác	6471
đắp	6458
tun	6419
cành	6411
thiêng	6380
phím	6377
ghét	6368
gãy	6352
train	6351
giặc	6344
nồi	6336
mến	6324
luồng	6307
thổi	6291
dem	6289
dua	6288
tòng	6276
cắm	6276
thầu	6262
dệt	6254
chanh	6245
bạt	6227
guam	6220
lua	6216
ớt	6213
chì	6207
đê	6202
sọ	6171
miếng	6169
rỗng	6168
kình	6162
vy	6154
ton	6141
cắp	6122
rai	6120
chéo	6116
nậm	6107
trội	6107
cuống	6096
hãi	6093
điên	6082
sảnh	6066
pe	6057
khoi	6050
bộc	6041
chả	6034
khử	6022
ưng	6016
khiếu	6013
sắm	6005
khôn	6005
trâm	5991
láng	5982
dọn	5979
bổng	5976
hận	5974
diêm	5970
khao	5949
đếm	5947
yết	5942
vôi	5929
hươu	5919
chiên	5915
sing	5888
dối	5879
vắc	5857
thắt	5851
sẫm	5837
bì	5833
hò	5826
khinh	5821
hái	5815
thê	5811
nôm	5802
lụa	5798
diễm	5798
him	5780
rẻ	5777
mác	5764
cám	5763
gánh	5760
phác	5736
bể	5732
lấn	5731
buồm	5730
bắp	5727
đạc	5714
cuoi	5713
thoảng	5709
kẹp	5704
nghiện	5689
nát	5689
hiếp	5671
vách	5645
tuan	5638
qui	5636
kiềm	5624
lùng	5618
nhường	5587
tạc	5586
om	5585
thiểm	5585
rực	5568
ơi	5551
sê	5532
quật	5525
trù	5522
đụng	5517
luyến	5514
lứa	5506
gác	5495
xả	5488
cham	5478
lăn	5471
thấu	5461
chưởng	5457
xấp	5424
gán	5414
phiền	5397
rang	5396
ren	5391
vung	5387
nao	5384
lãi	5384
rìa	5366
bế	5354
uyển	5352
bẫy	5346
đày	5344
thính	5342
phai	5339
oai	5323
cắn	5316
truất	5314
lỡ	5304
dom	5293
ngan	5292
đao	5288
sanh	5288
chuối	5270
lặc	5261
thói	5257
sấu	5254
tồi	5242
lau	5233
bùn	5232
kiếp	5224
báu	5204
xôi	5203
mãnh	5203
poa	5201
nhục	5182
kẹo	5176
oi	5174
hụt	5173
khép	5159
loai	5159
bồn	5136
chiang	5135
chao	5133
lung	5132
rỡ	5125
nếp	5120
ghé	5106
tau	5097
sủng	5094
nhôm	5091
thiêu	5083
nắp	5075
trưa	5064
vội	5055
gũi	5049
trướng	5048
đắt	5010
phồn	5006
rắc	5000
mân	4998
chun	4996
dập	4991
diêu	4991
nại	4985
um	4959
trán	4958
tặc	4950
tiệm	4948
chọc	4942
hen	4917
niêm	4910
lát	4901
râu	4889
mĩ	4888
dực	4887
ngoi	4880
dền	4867
thưa	4865
nghia	4857
mào	4842
vớt	4828
chán	4825
ngưu	4808
má	4798
bận	4796
sy	4792
ngoan	4791
nghênh	4772
sốc	4772
bon	4770
kề	4769
hựu	4755
phì	4752
thầm	4751
khoảnh	4747
bóc	4746
xăng	4741
nạ	4735
ran	4734
kiêu	4731
going	4718
cõi	4717
trơn	4712
giường	4700
sáo	4699
bạ	4694
khuynh	4677
cò	4674
hiên	4669
nghiệt	4668
khoái	4668
tem	4649
mệt	4648
soi	4646
nhàn	4639
khố	4635
bồng	4625
chèn	4607
kè	4606
cày	4597
pu	4548
cẩu	4539
ngoai	4521
gang	4512
thề	4512
nhái	4507
nón	4503
thoải	4496
nung	4471
oan	4463
thấm	4459
vỹ	4458
sầu	4444
xí	4426
gam	4417
khoe	4414
đành	4413
din	4408
mỏi	4399
ngõ	4397
đạm	4397
phơi	4382
gui	4362
nhở	4357
rãnh	4345
ngặt	4344
đùa	4334
lừng	4332
thon	4329
rệt	4322
diễu	4319
bân	4319
tệp	4313
sua	4305
gộp	4295
dán	4292
thủng	4288
gao	4286
khuếch	4286
giê	4282
iu	4274
bìm	4273
túng	4268
kẽ	4264
giếng	4263
ngơi	4254
bu	4254
điểu	4251
xông	4235
mạt	4222
quấy	4221
xuôi	4214
ngạch	4212
cụt	4208
bôi	4195
ngâm	4193
lót	4192
cấy	4191
giêng	4187
gon	4180
đúp	4176
chích	4173
dịu	4165
hùm	4162
gắt	4161
lầu	4154
lượn	4154
bơm	4153
cang	4149
nhâm	4145
lánh	4134
chuộng	4128
tỳ	4124
giun	4124
phàn	4122
rụng	4120
rèn	4118
cỗ	4117
thuở	4112
gianh	4110
huang	4103
phàm	4101
gậy	4098
đũa	4094
điềm	4091
trễ	4089
thing	4089
đuối	4088
nhuộm	4083
vẹt	4072
rể	4067
nóc	4063
hông	4059
chàm	4054
chớp	4049
uốn	4041
liam	4040
benh	4039
đán	4037
ming	4032
ôm	4026
họng	4023
cừ	4022
khống	4017
ngao	4013
giu	4012
nụ	4007
hua	4003
rậm	3998
muôn	3992
lách	3975
yểm	3969
bấm	3967
mổ	3966
chênh	3963
chè	3943
nhẵn	3940
khéo	3938
kham	3927
nện	3925
mép	3923
pay	3910
ráp	3902
dật	3879
giọt	3876
nhàng	3868
kị	3863
cớ	3860
bỉnh	3860
kẹt	3851
chước	3847
rỉ	3844
quạ	3831
giã	3810
kíp	3805
khốc	3805
ngươi	3803
puy	3799
rũ	3787
cheng	3781
giềng	3778
rim	3770
cọ	3769
pom	3768
hui	3765
thốt	3762
ướp	3755
uông	3755
xơ	3748
dĩnh	3748
lậu	3742
bổn	3732
tru	3728
nhốt	3728
nhí	3725
nhũ	3723
pênh	3717
thuột	3717
bơ	3717
thệ	3711
lận	3708
gả	3708
ê	3703
rạng	3690
lề	3682
biếm	3680
nứt	3676
dưa	3674
nà	3670
phao	3662
rao	3643
oa	3643
hở	3637
xua	3631
dẻo	3616
dạo	3615
gua	3610
dồn	3606
xảo	3602
sập	3596
xoài	3594
ngọ	3581
đè	3580
vấp	3572
trỗi	3572
khau	3559
nháp	3555
kẽm	3552
nộ	3550
dở	3548
nhúng	3542
nhưỡng	3536
rước	3536
đục	3518
gã	3518
đéc	3517
lột	3513
thoa	3510
kin	3510
nàn	3498
bọt	3497
mạ	3496
chồn	3492
phiệt	3480
đố	3478
nhỉ	3474
sào	3471
báng	3459
bửu	3447
váy	3446
rưỡi	3437
sô	3432
mẻ	3428
phô	3422
đắng	3420
vụn	3415
thuan	3414
luan	3414
hách	3414
thềm	3408
thạo	3400
phò	3393
chìa	3387
mia	3384
mõm	3383
ghen	3366
è	3364
chin	3359
én	3359
ngoặc	3352
quai	3345
vần	3341
tua	3337
khiếp	3335
tiếu	3332
vệt	3328
toản	3305
cước	3288
bén	3283
thuyên	3282
cảo	3265
húc	3265
mài	3262
nguyền	3261
hệt	3254
muỗi	3239
xo	3239
chon	3237
peng	3237
mày	3234
sia	3232
bui	3231
nôn	3231
phạn	3229
chảo	3227
sầm	3227
aung	3225
rò	3219
mắm	3214
ốm	3212
quặng	3207
vằn	3205
búp	3204
đấng	3203
né	3200
sụt	3193
gươm	3189
phôi	3185
gặt	3183
dyn	3178
tram	3176
tủy	3172
phà	3170
choán	3166
chăng	3161
thuôn	3160
lồi	3156
mịn	3155
khỏa	3154
dim	3152
hẻm	3148
khiếm	3143
quắn	3140
xát	3130
búa	3122
ất	3119
cởi	3116
ồn	3116
nhào	3114
lướt	3110
chốn	3109
chẵn	3105
chuan	3103
ling	3099
tủ	3095
đẩu	3090
bỏng	3086
ngải	3085
léo	3074
điếm	3074
pain	3070
đả	3070
pia	3070
tí	3050
ngạo	3049
tẩm	3048
hốt	3048
buy	3045
suýt	3044
dận	3038
nhụy	3034
ngoặt	3030
trượng	3029
gục	3029
tía	3028
đọng	3025
giong	3024
lở	3023
seong	3021
trừu	3009
som	3007
nin	3006
chuộc	2995
gầm	2993
tỉa	2987
chê	2987
tẩu	2984
nen	2983
gieo	2982
lơ	2968
trãi	2967
bẩm	2963
đấm	2951
xy	2951
cúm	2940
gum	2932
thìn	2929
gong	2925
hột	2923
phách	2920
chén	2917
đớn	2912
chù	2911
nhồi	2900
sái	2895
thằng	2892
khiên	2886
óc	2884
nhát	2879
răm	2879
try	2873
ải	2871
goi	2870
tụy	2864
boi	2859
ay	2857
diệc	2856
chuồng	2850
bỗng	2845
giông	2845
chà	2838
ria	2834
sồi	2831
py	2831
góa	2825
gom	2825
oán	2825
banh	2821
mâm	2820
đái	2818
nọ	2813
xé	2810
ngửa	2810
nọc	2804
tớ	2802
phỉ	2801
phẫn	2800
nhô	2797
xì	2793
neon	2793
tày	2786
vả	2781
tưới	2777
hỷ	2773
bung	2757
chain	2757
lén	2756
trim	2755
xoa	2753
cưa	2752
ngây	2749
nhạn	2744
toại	2742
đẫm	2736
rốt	2735
cy	2734
lắc	2733
mò	2731
ngủi	2722
khoát	2716
thoáng	2713
nhuệ	2711
rà	2711
mùng	2701
bẻ	2698
hoắc	2694
tý	2693
huan	2688
tuất	2687
lọng	2685
vãn	2684
vuốt	2684
dồi	2681
ngỗng	2669
nhụi	2669
tăm	2664
giàn	2661
bẩn	2657
sấm	2649
đắn	2648
quất	2647
thiều	2646
é	2644
pau	2643
giồng	2629
lị	2627
nhin	2622
húy	2615
đùi	2613
cưng	2611
dì	2610
rét	2606
mía	2597
uất	2595
đẫy	2591
lăm	2588
liang	2587
hợi	2586
nghiền	2586
chiểu	2582
chót	2579
troi	2578
muội	2573
vựng	2570
dỗ	2566
lốp	2557
kệ	2557
súp	2549
aim	2548
trăn	2548
cọc	2537
lều	2533
bóp	2533
dậu	2531
tâu	2528
nặc	2525
xói	2523
xuồng	2517
viêng	2512
bứa	2509
ròng	2507
mão	2507
sỏi	2506
giục	2504
nhặt	2503
huyên	2499
lộng	2497
dấy	2493
ủ	2491
gạt	2490
liêng	2488
thâu	2486
đóm	2481
vóc	2479
luang	2474
xế	2467
hủ	2462
ngoạn	2455
vọt	2453
chọi	2451
nuốt	2451
sán	2450
căm	2447
vướng	2445
sòng	2441
võng	2441
rộn	2439
bống	2439
hăng	2435
bón	2430
tốp	2426
noãn	2423
khảm	2419
hổng	2413
lạch	2410
buông	2396
daum	2395
đom	2394
ạ	2390
pam	2387
chui	2385
cọp	2382
ngào	2378
nùng	2375
lửng	2374
tuồng	2366
dy	2366
sá	2364
siam	2362
thiêm	2361
giua	2359
phông	2352
thắc	2351
trảng	2350
cược	2350
nui	2347
chưng	2347
lít	2347
vàm	2346
xót	2337
tỵ	2337
lốc	2333
vỗ	2329
nhấp	2327
giò	2327
bún	2324
trọt	2321
lọ	2321
cầy	2320
pao	2320
voa	2316
vin	2316
trĩ	2312
penh	2311
vượn	2307
trèo	2307
vác	2306
vá	2306
ụ	2305
ngói	2302
thêu	2295
bưởi	2295
chạp	2295
lõm	2293
quới	2287
riềng	2285
sửu	2282
nến	2276
ngắt	2262
rớt	2256
thối	2254
vờ	2252
mễ	2252
tràm	2250
rin	2249
trứ	2246
hom	2243
lẫy	2243
đạ	2241
chải	2238
rạc	2235
nhữ	2235
boa	2225
chài	2224
vã	2224
thóc	2221
xẻ	2220
mận	2217
máng	2217
thoai	2214
đốn	2214
rem	2213
nạt	2208
nã	2205
khốn	2204
tỏi	2203
ỷ	2201
mom	2199
quynh	2198
lem	2196
bói	2185
nem	2183
syn	2181
ủi	2178
seon	2177
trát	2176
hé	2173
luộc	2172
vược	2172
kiệu	2170
chiềng	2168
găng	2162
liềm	2159
sò	2155
dào	2149
rơm	2147
hóc	2144
lờ	2138
bẹ	2129
xáo	2122
ơ	2118
nganh	2117
giòn	2113
rê	2113
ghê	2113
bùa	2109
đặn	2102
rỗi	2101
sướng	2101
chông	2100
thiếc	2098
phất	2097
tụt	2093
nản	2081
chậu	2077
đãng	2076
thom	2074
tửu	2073
pô	2072
mít	2070
tron	2068
khuông	2068
hét	2068
miệt	2066
úp	2066
lóng	2059
hít	2058
đò	2057
uẩn	2057
bú	2053
nguội	2041
át	2040
puya	2039
trọ	2032
goa	2031
coin	2031
ư	2029
bam	2029
côm	2028
hới	2027
vâng	2021
mớn	2020
sạc	2019
kền	2017
hử	2012
chửi	2011
xách	2004
tánh	2003
chóp	2002
thuấn	1999
trói	1997
khất	1994
kiêng	1993
ôi	1988
lười	1985
điếu	1983
câm	1983
trẫm	1976
yểu	1975
khế	1973
dẻ	1970
tiều	1969
cạo	1967
đu	1960
phung	1959
náo	1956
chắp	1953
trỏ	1952
chồi	1948
hốc	1945
tẻ	1943
khun	1943
đản	1942
cạp	1940
tằm	1935
vồng	1935
guốc	1935
dẫu	1934
rui	1933
mút	1932
thin	1931
rảnh	1929
ngậm	1925
cheo	1925
mung	1923
nuoi	1922
tì	1921
chầu	1917
gởi	1909
kheo	1908
duẩn	1904
sớ	1904
thinh	1902
loãng	1888
vặt	1883
phanh	1878
ngốc	1870
choàng	1869
dạt	1866
răn	1862
trệ	1859
mụ	1859
khóm	1859
dẹt	1858
chơn	1853
dặn	1851
chử	1850
náu	1849
tằng	1845
quấn	1845
thèm	1841
phớt	1834
bô	1833
chật	1833
khon	1827
văng	1826
bun	1825
nhím	1825
bàu	1822
kiền	1820
ó	1819
bã	1816
đớp	1815
bịt	1812
cồ	1810
sục	1809
lạy	1807
bướu	1806
tui	1805
mãng	1803
vạc	1798
lia	1796
tuốc	1796
nghiêu	1790
rộ	1788
nanh	1788
trêu	1786
giàng	1784
ngỏ	1762
cằn	1761
nhuyễn	1753
gập	1747
hỉ	1747
mắng	1745
nghẽn	1741
oe	1741
rách	1740
áng	1740
trá	1740
hèn	1738
sảng	1732
tộ	1728
nghiễm	1727
thắp	1726
mồng	1724
mè	1724
xiếc	1719
mòng	1719
niệu	1718
tuế	1715
mốt	1712
ing	1708
chắt	1706
chóc	1703
thắm	1699
phở	1697
mú	1696
nhám	1690
vùi	1689
ting	1687
mẹo	1682
quầy	1682
triện	1678
bing	1678
thắn	1678
gót	1676
mem	1672
nới	1670
nhom	1669
tạt	1669
lậy	1668
đĩnh	1662
huyệt	1661
cội	1657
méo	1654
phia	1648
khăng	1648
vứt	1646
nấp	1645
cào	1641
lẻo	1640
thớt	1640
ngả	1639
teo	1635
xao	1631
muang	1630
ào	1630
vom	1628
vế	1627
êm	1626
phồng	1624
thun	1623
sộ	1617
ách	1608
ngam	1608
vất	1608
bừa	1607
sưởi	1607
cổn	1604
quẻ	1603
quỵ	1599
sưng	1597
gáy	1595
băm	1594
trặc	1593
còi	1592
nêm	1592
xào	1586
đậy	1585
khuyển	1585
quýt	1583
sả	1575
phình	1574
trũng	1570
thoạt	1567
rốc	1566
nhộn	1565
ồ	1563
xăm	1562
liễn	1561
nghê	1561
nhẹn	1559
ngung	1558
ngất	1558
cồng	1557
lươn	1551
nê	1550
lợp	1549
cháo	1545
trau	1544
phiện	1540
giễu	1540
chằng	1539
xiang	1536
reo	1534
mị	1531
khắt	1528
lép	1525
bịa	1523
bua	1519
duoi	1514
dầm	1513
rẫy	1510
tễ	1510
bịp	1507
bum	1506
ghe	1505
mượt	1505
chợt	1502
rán	1501
xiên	1496
mỗ	1493
sụn	1490
rìu	1482
thà	1477
bần	1477
niết	1477
ăng	1477
oánh	1475
ráo	1470
doing	1469
luông	1469
sắn	1469
giặt	1469
xốp	1464
tủa	1463
thố	1457
bực	1457
vãng	1456
guang	1450
vặn	1449
dùi	1449
chiu	1447
mui	1446
giấm	1442
bênh	1441
hoai	1440
cấn	1440
tiễu	1439
cúi	1433
chói	1430
dẳng	1428
dép	1427
dãi	1427
đóa	1424
phẩy	1420
bẩy	1416
beo	1415
sấy	1415
líu	1413
sên	1412
nhại	1410
gầy	1409
giỗ	1400
đoái	1398
ruy	1396
mọng	1392
sếu	1392
nhút	1389
thẳm	1382
yển	1378
rủ	1378
loét	1377
đuốc	1376
khước	1374
vắt	1373
nhớt	1373
bới	1373
thốn	1368
thản	1367
siu	1365
hòng	1362
ỏi	1362
thừng	1361
rợ	1355
gấm	1355
lenh	1351
độn	1350
vụng	1349
sỉ	1331
nua	1329
giơ	1329
ding	1324
mương	1321
xù	1319
mấu	1317
phèn	1312
hạp	1312
rái	1309
nia	1307
hú	1300
xoan	1299
thặng	1298
khuya	1297
nơ	1297
thán	1289
bôn	1287
nãi	1287
sành	1286
sẹo	1286
bục	1284
mẩu	1281
xốt	1279
nể	1278
tót	1277
thây	1277
trổ	1275
ngạt	1272
pong	1271
nhức	1270
vỉa	1269
vạ	1269
kén	1266
lẩn	1266
sặc	1261
tuộc	1260
rành	1258
nhựt	1253
yếm	1251
mứt	1251
thìa	1251
ngần	1250
hót	1248
nỉ	1244
núm	1244
ngừ	1242
chum	1241
đước	1240
tray	1240
rông	1239
trầu	1234
vạng	1233
rặng	1228
khuấy	1227
quí	1226
bứt	1222
cữu	1222
mỉ	1221
ạt	1220
bụt	1220
mủ	1220
rốn	1220
nách	1217
ổi	1217
há	1216
vừng	1216
xài	1215
hả	1215
siết	1214
xộn	1213
cùi	1212
đoài	1210
ngát	1210
cum	1209
cút	1208
diếp	1208
sậy	1207
xước	1207
lụy	1206
biền	1205
thia	1205
gain	1205
chiêng	1205
khét	1202
giằng	1202
vét	1201
lượm	1201
leong	1200
trảm	1192
xẻo	1191
sem	1189
choe	1188
gạc	1187
mụn	1186
gờ	1183
rian	1181
meng	1181
quýnh	1178
thau	1174
dưng	1173
muay	1171
khướu	1171
típ	1170
kiết	1169
sym	1166
chập	1164
nhổ	1163
khuỷu	1162
xang	1161
nhạo	1159
cain	1158
nôi	1157
tian	1157
chiền	1156
xuyến	1155
kenh	1153
choáng	1153
rụi	1153
ngẫm	1151
pang	1151
nhọc	1150
vữa	1149
í	1149
chớ	1145
rúp	1143
dế	1141
cui	1137
ngứa	1137
ẩu	1136
bít	1136
xiàn	1134
triền	1132
lức	1128
xịt	1128
tít	1125
nghè	1119
vít	1119
duật	1118
mí	1118
hãnh	1114
bèo	1111
dạn	1110
dượng	1110
lự	1109
dĩa	1107
ắc	1106
xổ	1106
chẻ	1105
beom	1103
rum	1101
maung	1096
thảy	1095
rủa	1095
rơ	1094
hí	1093
chạng	1089
bả	1088
trồi	1088
trơ	1087
hin	1087
xúp	1087
ngõa	1086
miu	1084
chét	1083
ngoái	1080
roa	1078
nành	1074
xán	1072
nòi	1072
deng	1072
nhứt	1071
trin	1071
mỏm	1070
lóc	1070
phúng	1067
ngạnh	1067
sạt	1066
hòm	1063
khoanh	1063
cặn	1062
chệch	1059
bain	1059
meo	1058
chình	1057
ốp	1057
mịch	1057
hường	1055
toát	1055
nhịn	1053
kèo	1052
trôm	1052
vơ	1051
sà	1049
sỡ	1045
nữu	1045
mống	1044
ú	1044
xâu	1043
muoi	1042
hẻo	1042
quẩn	1041
truật	1040
nháy	1038
óng	1038
trút	1034
két	1034
cộ	1030
duyện	1030
hòe	1029
keng	1028
vạt	1027
dun	1027
khứu	1026
nhầy	1023
mam	1021
chuang	1018
ghẻ	1017
chùy	1017
râm	1015
lút	1014
khấn	1013
liếm	1013
biếng	1012
ry	1011
nuối	1007
bốt	1005
nhuế	1003
ngơ	1001
đát	997
vầng	996
hấn	994
năn	992
tấc	991
gy	988
cẳng	987
ghềnh	986
sảo	986
nghé	984
rợn	984
dè	983
rượt	977
giuộc	977
sứa	976
xia	974
nưa	973
táp	969
ngua	968
giau	967
choang	967
bờm	966
leng	965
hộc	964
giăng	961
rầm	961
nhọ	960
sưởng	957
xui	956
nhoáng	955
chấu	954
trum	953
dông	953
mỉa	952
xúi	952
lum	951
quàng	951
tiếm	948
thẫm	948
cỏi	947
nạo	943
biếc	942
giay	941
ym	941
đoản	940
quặc	940
háo	940
soán	938
mỳ	935
rồ	935
phiếm	934
nỏ	931
lợ	930
sám	926
lom	926
yn	920
rằm	919
ắt	918
quyện	917
cộc	917
nun	917
chốc	917
hỡi	913
tột	911
nhờn	911
xỉn	911
ngó	910
dấn	909
thát	909
vẫy	907
xing	907
mầu	905
moa	905
chỏm	901
cằm	900
ập	897
bừng	896
nếm	896
hất	895
trụi	895
sếp	895
tởm	893
nghẹt	891
mửa	891
huổi	890
giùm	890
lẻn	889
xoang	888
bẹp	887
ganh	887
xòe	886
gù	878
rót	878
lún	878
pai	877
tĩu	876
nhon	875
nhét	875
kìa	872
thét	868
chĩa	867
ning	865
hum	864
gọng	864
gồ	864
nghén	863
nhậu	863
húng	862
đẽ	862
sính	861
giỏ	859
hễ	858
vưu	858
quăng	856
sờ	855
mòi	855
ngỡ	854
báp	853
chuốt	853
suin	853
vồ	851
nạc	848
hý	845
dùm	844
nhàm	843
rua	843
heng	842
ờ	839
luoi	838
hoe	835
ghim	833
đay	833
bời	832
kiểng	832
niu	831
ươm	830
lìa	829
ế	827
quắc	824
hiềm	819
lạn	819
cưu	818
quao	816
hác	815
hống	812
nhóc	812
tè	812
loen	812
gội	811
tơi	810
sủa	809
rùng	808
nhăn	806
mùn	805
tấp	805
tép	805
rầy	805
gióng	804
xiết	802
nhử	800
quậy	800
lun	794
thốc	794
mần	792
khản	791
hem	786
mồm	786
bưng	785
ngọa	785
hoét	785
phìn	783
háng	783
lốt	782
bậy	780
đọ	778
hàu	778
noam	777
cuội	776
đụn	775
vắn	775
nhay	775
gào	775
inh	773
lốm	773
huai	773
vớ	772
khay	769
uế	769
huyễn	768
vỏn	766
gợn	765
mó	763
píc	763
nhộng	762
giời	761
deo	760
cuốc	760
ngẩn	760
xam	759
luồn	759
lúp	757
thẹn	755
noa	754
mớ	753
trọc	752
toái	751
giẫm	751
mướn	749
gắm	748
cựa	748
dìu	748
gièm	748
vông	748
nấc	747
mỉm	746
xoăn	745
thiển	745
dằn	744
giương	742
nộn	740
vàn	740
phum	738
nhang	738
chòi	734
gym	733
điếc	732
nịnh	730
chít	730
ầm	728
pơ	727
xian	726
cheon	722
lẫm	721
phang	721
dữu	721
rệp	720
guan	720
lẩu	719
rương	719
nức	718
cật	716
khoét	715
nấy	714
quyệt	713
hấu	713
luy	711
nè	710
lyn	710
tâng	709
nứa	708
vút	706
lôn	706
tiệt	706
hâu	706
lố	705
ghề	705
trám	704
chằm	704
gớm	703
xôn	703
nhả	703
suôn	702
xắc	702
còng	702
thọc	700
nhe	700
mọt	699
duỗi	699
hói	699
heon	698
rình	697
găm	696
bặc	696
khin	694
thò	692
gảy	692
mênh	690
trớ	690
phy	690
pắc	689
lùm	689
băn	689
sí	689
lủng	688
ná	688
nhuần	686
tráo	686
gọt	685
muỗng	684
dà	683
chẩm	682
gàng	681
giảo	678
yêm	677
gỏi	675
ngớ	675
gài	673
úa	672
xíu	671
kềnh	671
dẫm	671
dó	671
suyễn	670
thỏi	669
ngàm	669
ngấm	666
sến	665
trệt	665
eon	665
gau	664
sởi	662
nau	661
tuẫn	661
teng	660
dẽ	660
doa	659
vơi	659
khờ	657
váng	656
toe	655
phen	653
rụt	648
oem	648
nhảm	647
vó	646
laon	646
đùng	645
gô	644
trợn	644
duan	644
hớn	643
quo	642
chửa	640
nhông	639
nghin	638
chôm	638
dốt	638
cáng	637
té	636
chom	636
túp	635
nghinh	634
chiện	634
ảm	633
phết	633
nấng	633
gôn	632
mả	631
sít	628
thửa	627
nài	627
bỉm	627
huê	626
siêng	626
quáng	626
tòi	625
khơ	624
ngán	624
chát	624
nhủ	624
ayn	623
ráng	623
naing	623
haim	622
phoi	621
cụp	620
goin	620
cốm	618
đờn	618
baum	617
pon	617
úng	616
menh	616
sủi	616
hịch	615
cuông	615
thình	615
chửng	614
khoăn	614
gành	613
dũ	613
chẹn	611
rọi	610
tanh	609
thớ	609
hũ	608
thùa	608
mỵ	608
trạc	607
hặc	606
mim	604
vát	604
hẹ	602
vau	602
ngời	600
truân	600
ù	600
dăm	599
nầy	599
đoa	599
xỉu	598
lác	597
lúng	597
hắt	596
sìn	596
lõa	595
nheo	593
nần	593
thụt	588
dát	587
tròng	586
lèo	586
dí	585
rì	584
thòi	583
nột	583
rèm	582
día	582
giẻ	578
ngheo	577
huề	576
nỡ	576
mõ	574
phộng	574
seng	572
nhấc	571
sấp	571
nghêu	571
gien	571
lù	571
tiển	570
phon	569
lình	568
vẩn	568
khít	568
hến	567
chuy	567
loang	566
xẩm	566
ngầu	566
dặc	562
quăm	561
trư	560
luẩn	560
thàng	559
sỏ	559
tợn	558
trê	558
trụy	557
vía	556
xiển	555
lì	553
pim	550
mé	550
rộc	550
hiu	549
sần	548
đanh	548
pù	547
bét	547
giầy	546
hằn	545
bim	545
phễu	545
dìm	544
quệ	541
ươi	541
xửa	540
nặn	539
hức	539
phiêng	539
nẻo	538
quầng	538
vầy	537
pác	537
búi	537
gượng	536
chần	535
cáu	533
ưởng	532
hời	531
núp	531
hăm	530
nái	529
nhót	528
miễu	525
dặt	525
chủy	525
nhài	525
khum	525
súy	523
vè	523
bướng	523
cợt	522
bơn	522
ngách	522
bở	522
muồng	521
tưng	520
ngửi	520
lụi	519
lẹ	517
sác	516
khuy	516
ứ	514
đười	513
tuông	511
rữa	511
nhún	509
sưa	507
cõng	507
vái	504
nhão	504
cỗi	503
chừ	502
nim	502
dui	502
hiệt	501
hóng	501
hù	500
chũm	500
xở	499
mách	499
loát	498
nhòm	498
veng	497
oát	497
nộm	497
gáo	497
sảy	497
bớ	496
nhương	495
lian	495
xín	494
ngàng	494
khiêng	494
đọa	493
hê	492
rết	492
khưu	492
ngò	492
chững	492
ùn	491
dỏm	489
suan	487
nặm	486
chái	485
búng	485
biếu	484
tuột	484
thỉu	483
muông	482
vanh	482
nhạ	482
triêu	482
sửng	481
bầm	481
aum	481
diu	480
nhắt	480
gá	477
mum	477
vỉ	476
mích	475
lòi	474
hoẵng	473
rú	473
sậm	472
sẩy	472
héo	472
pá	470
đuống	470
tẫn	470
thít	469
vun	469
hừng	469
nắn	468
giỡn	468
xau	467
vụt	467
rườm	467
gật	466
phụt	466
tráp	465
chũi	462
pun	461
oải	461
cheong	461
gờm	460
cun	460
ngợm	459
thược	459
rí	458
giăm	458
thồ	457
riết	457
muống	456
chũ	456
xỏ	455
lẽo	455
lãn	455
nhụ	454
cùn	454
chạch	453
nhen	452
hám	452
thàn	452
ố	451
nục	451
mán	450
đút	449
bợ	449
đong	449
nguôi	447
mải	444
suông	444
bấc	444
soan	444
daun	444
ruồng	442
bêu	438
beng	438
lết	438
rươi	438
xú	438
qué	437
nết	437
huyến	436
bảnh	435
dum	434
tèo	433
mọn	433
dầy	433
nực	432
hờn	432
nhòa	432
ngùi	431
nhép	431
niang	431
túm	430
sì	428
quây	427
mịt	427
nẫm	426
nhơ	426
xuy	426
cún	425
dãn	425
sệt	424
aon	424
ối	423
nệm	422
quẩy	421
gung	420
đẽo	419
hõm	419
nập	418
khăm	418
rít	418
khập	417
đỉa	416
ròm	416
tùm	415
xiềng	415
gaim	415
tróc	414
ré	414
cạm	412
xới	412
nghẹn	411
dơ	411
vâu	411
ngông	410
dắc	410
bấn	409
lùa	408
liệm	408
đảnh	407
ỉ	405
cườm	405
ryn	405
xùm	405
xum	404
nhằng	404
khùng	404
kếp	403
nghếch	402
chòe	402
rát	401
rận	401
phay	400
lặt	400
têm	400
khư	398
chừa	398
véc	398
xắt	397
sãi	396
sển	396
mướp	396
ngoãn	394
quặt	393
xéo	393
mề	393
dian	393
trìu	393
poi	393
chơ	391
múc	391
buoi	390
choắt	390
hoanh	390
quem	389
ngố	389
sững	387
héc	387
dích	387
vê	386
ngợp	386
phèo	386
nghiến	385
hợt	385
xắn	385
nậu	385
pà	384
lả	384
xẻng	384
bịch	383
chaim	383
kẻo	383
luống	382
nhằn	382
đùn	382
chuoi	382
trảo	381
trập	380
nả	380
quở	379
ruin	379
sứt	379
đễ	378
sốp	378
dúi	378
nhú	378
tành	376
quẫn	376
tã	376
xom	375
rè	375
vãi	375
kiển	375
vam	375
duẫn	375
nãy	375
bấp	373
nhổn	373
guồng	372
tuôn	371
khuổi	369
nhá	369
hên	369
pui	369
mèn	368
mành	368
lảng	368
chọe	368
lain	368
lòa	367
soa	367
khom	366
diềm	365
hờ	364
ủa	364
vót	363
mánh	362
cót	361
rẩy	361
trẻo	361
đơ	360
trạo	360
laing	360
phốt	359
uổng	359
vôn	358
ừ	358
tym	357
xun	356
ên	356
lán	355
cọng	355
kym	355
khàn	354
cộp	354
xèo	353
gii	353
xáng	353
chỏ	352
nhỉnh	352
riệp	351
quam	351
rạ	350
xức	350
ẵm	350
khoằm	350
giở	349
vẹo	349
thãi	348
rầu	348
biang	348
nhẽo	347
gầu	345
xim	344
ngoa	344
rền	343
đỗi	343
muồi	343
aun	343
bem	343
cáy	342
truồng	341
dấp	340
ngỗi	340
nhợt	340
đờ	339
suoi	338
dái	338
khêu	337
lè	337
phau	337
khiễng	336
hoăng	336
thui	334
ĩ	334
lênh	333
gút	332
xan	332
níu	331
nhim	329
ngùng	329
nhỡ	329
ròi	328
xúy	327
lèng	325
bìu	325
bện	324
ghì	324
nhăng	323
ghẹo	323
ló	322
lạo	322
thếp	322
nghen	322
biều	321
thảnh	321
xó	320
lọi	320
trầy	320
láo	319
ốt	319
chuốc	318
thum	318
xai	317
nhoi	317
ngóng	317
rây	317
sùi	317
hoản	317
trĩn	317
trịch	316
treng	315
rưởi	315
dề	315
trót	315
sình	314
hoen	313
diam	313
chuôi	313
táu	312
giẽ	312
khuân	312
liệp	312
sủ	311
phin	311
đốp	310
rinh	310
tủi	310
thúng	309
chạc	309
quặp	309
sín	308
thăn	308
viu	308
mẩn	307
sắng	307
nhum	307
xối	307
panh	307
muan	307
ruan	306
pú	306
nhác	306
khóe	304
tở	304
thiam	304
thuân	303
ửng	303
phệ	303
nhành	302
piu	302
roan	301
xuyết	300
vén	300
hiêu	300
bạng	300
què	300
tiu	298
kỉnh	298
sặt	298
đềm	298
quải	298
bâng	298
thiềm	297
eom	297
vênh	297
lơi	296
tàm	296
chếch	296
chỉn	295
phui	295
huýt	295
xóc	295
thơi	294
ã	292
hòi	292
ngâu	292
láy	291
đờm	291
đọi	291
lởm	291
nít	291
cốp	291
dõng	290
nuốc	290
vựa	289
rá	288
ì	288
tời	288
sian	288
xon	287
thỉ	287
sàm	287
điêng	287
ké	287
tuốt	286
tầu	286
đên	285
mạp	285
xoai	285
rắm	284
hia	284
ngẩng	283
uân	283
dìa	283
lổ	282
nhối	282
chịt	281
ngót	281
muy	281
chuơng	281
chùng	280
nĩa	280
giũa	280
tria	280
kian	280
bẹt	279
nhuốm	278
sú	278
lõng	277
triêm	277
chãi	277
gắp	276
veo	276
ảng	275
pít	274
xiêng	274
chíp	273
lẳng	273
đít	273
nhè	273
iam	273
vánh	272
chận	272
rưới	272
théo	272
dượt	271
hỉnh	271
đần	271
nhàu	271
xiu	270
rọc	270
chụm	270
hổi	270
nhua	270
khuan	270
hùa	269
sạp	269
phuơng	268
nhõm	268
ruốc	268
nhọt	267
bòng	267
đuông	267
ngổ	267
uan	266
trấu	266
muỗm	266
bẽ	265
tring	265
nhẽ	264
rường	264
nhặng	263
huya	263
pí	262
pò	262
thòng	262
toạc	262
điệt	261
hích	261
nhừ	261
thím	261
chẵng	261
pym	260
đù	260
chy	259
ngáy	258
quàn	258
sênh	258
nhuan	257
chớm	257
tó	257
xoi	256
rệu	256
pín	256
đênh	255
hóm	255
hĩnh	255
dậm	255
gừ	255
phăng	254
chuyết	254
chá	254
víu	252
pian	252
ía	252
dòm	251
chởm	251
thiu	251
lơn	250
biu	250
bủa	250
byng	250
soài	249
gấc	249
bềnh	249
điến	249
cũi	249
tịt	249
nhặn	248
cơi	248
loe	248
pờ	247
nghiễn	247
giãi	247
vim	247
chấy	247
rên	246
rưng	246
khự	246
chội	245
lóe	245
trườn	245
trành	245
lú	245
vuơng	245
lynh	244
ngoằn	244
giáy	243
ngậy	243
luýt	243
ngáo	243
niệp	243
miểu	242
éo	242
vạm	242
ngái	242
hớt	241
lèn	241
ruổi	241
xỉa	240
ổng	240
dô	240
bím	240
khuây	239
vồn	239
sụ	237
hơ	237
khảnh	237
hẫng	237
cóng	236
cóp	235
pum	235
tụi	235
dèm	234
mền	234
gở	233
quăn	233
vối	233
giạ	233
peo	233
lỏi	233
siang	233
nhói	233
nạng	232
chầm	232
khem	231
duang	231
trối	230
nịch	229
dấm	229
chược	229
thoán	228
dôi	228
hủi	228
gié	227
loing	227
ché	226
ngượng	226
thày	225
dến	225
toang	225
giòng	225
ngóc	224
khoách	224
xệ	224
giốc	223
ắp	223
đượm	222
ngoảnh	222
nẻ	221
boing	221
chêm	221
nán	220
lấm	220
tuýp	220
vện	220
rống	220
hếch	220
réo	220
vại	219
phảng	219
hủa	219
òa	218
nian	218
ngớt	217
hững	217
rộp	217
oản	217
trom	217
phạ	216
cạch	216
naim	216
xiêu	215
loay	215
đận	215
ò	215
chằn	215
moan	214
bót	213
buốt	212
phướn	212
lòe	212
hing	212
khoắn	211
chột	211
mơn	211
ngước	211
xẹp	210
gông	210
bự	210
líp	210
nâm	210
bẻo	210
đác	209
riu	209
bợm	209
gẫm	209
tuơng	208
gâm	208
nín	208
mót	208
gụ	208
kiu	207
phàng	207
tét	206
dột	206
đăm	206
pôn	206
neom	206
chổ	205
hẵng	205
nhãng	205
cữ	204
kiang	204
ghẹ	204
lỳ	203
hoay	203
chò	203
vọ	203
nuông	203
rằn	202
miết	202
nịt	202
rợp	201
bian	201
vain	201
ngươn	201
rựa	201
đĩ	200
tuồn	200
xeon	200
gổ	200
tấy	200
nghĩnh	200
hĩ	200
gion	199
rôn	199
mố	199
ói	199
ngoèo	199
ợ	199
nễ	198
chác	198
chùi	198
dằng	197
khẽ	197
truông	197
ngạ	197
dáo	197
xạo	197
khua	196
ngổn	196
nhem	196
chùn	196
quẹo	196
nớt	196
trua	195
raum	195
xị	194
mướt	194
só	194
tuya	194
xổm	194
núng	194
thé	193
mẫm	193
ngật	193
khèn	192
phăn	192
chực	192
nhồng	192
thảng	191
bọng	191
rứa	191
hì	191
toanh	191
phom	191
hain	191
phỉnh	190
giắc	190
quạnh	190
lâng	190
chõng	190
rúng	190
thứu	190
chộp	190
dỗi	190
sạ	189
lóa	189
ngác	189
ní	188
moai	188
bập	188
bộn	188
quẹt	188
trờ	187
giếm	187
nẹp	187
nướu	187
thẩn	187
gôm	186
đòng	186
rén	186
chứt	186
nọi	185
giũ	185
háu	185
dăng	185
xuể	185
rờ	183
xuẩn	183
chường	183
thoắt	183
deon	183
lềnh	182
đìa	182
cộm	182
chửu	182
ngăm	182
gàu	182
kệch	182
bường	182
lém	182
kềm	181
kiềng	181
vịn	180
gồng	180
giâm	180
raym	180
nệ	179
cùm	179
ín	179
đằm	179
thoan	179
diết	179
gáp	178
cuồn	178
trắm	178
liễm	178
liệng	178
xuýt	178
tiêng	177
lới	177
ngỗ	177
rỗ	177
aom	177
nạm	177
vón	176
lắt	175
bươu	175
đểu	175
cức	175
ngấy	175
soai	175
phùn	174
bặm	174
phưởng	174
ruoi	174
cym	173
nhíp	173
sượt	172
phơ	172
ngui	172
nép	171
sảm	171
trảu	171
ruối	171
liếc	170
niêu	170
bụa	170
trủng	170
nhùn	170
trọi	170
náng	170
guột	170
tủng	169
pua	169
bết	169
púng	168
khổn	168
vằng	168
phầm	168
nhẩm	168
rục	168
chỉa	168
thào	167
nẩy	167
guin	167
phũ	167
kiếng	167
chành	167
rúc	167
cùa	167
trùn	167
gạ	166
păng	166
tếch	166
đia	166
cạc	166
sé	166
diểu	165
mói	165
ớn	165
ỏ	165
vấy	165
giòi	165
duơng	165
rùi	164
dẩn	163
thủa	163
ngút	163
mian	163
díu	163
triễn	163
cứt	163
hym	162
gàn	162
loáng	162
chéng	161
triêng	161
bòn	161
chồm	161
bặt	161
unh	161
mạy	161
vích	160
nguyn	160
loẹt	160
ngoạm	160
pơng	160
pung	160
sayn	160
cuin	160
dể	159
pía	159
nải	159
đọt	159
thũng	159
thóp	158
dé	158
duân	158
dạm	158
bẹn	158
đung	157
ùa	157
lứt	157
diến	157
sất	156
khui	156
vờn	156
ngong	156
gieng	155
pốt	155
đàu	155
thuơng	155
phên	154
péo	154
quèn	154
nhòe	154
săm	154
xép	154
pheo	154
khuay	154
lọn	154
nhiêm	154
tạnh	153
chiếng	153
quin	153
lịnh	153
trề	153
hực	152
huáng	152
bịu	152
trịa	152
tễu	152
vấu	151
nếnh	151
xược	151
quéo	151
rị	151
choa	151
paing	151
giô	150
riêu	150
ắng	150
úm	150
hão	149
rắp	149
lìm	149
lịm	149
neng	149
ẳng	149
đuợc	149
pả	148
thổn	148
thứa	148
páo	147
xúm	147
gộc	147
rày	147
loanh	147
tóp	147
thuồng	147
đáu	146
phến	146
khim	146
quẳng	146
nốc	146
bùm	146
ngum	145
ngau	145
sẩn	145
nhúm	145
gừa	144
traun	144
đét	144
cở	144
oẳn	144
quyn	144
nháo	144
phượt	143
tược	143
ăm	143
khò	143
nèo	143
lếu	142
khoải	142
lừ	142
moin	142
chúi	142
thót	142
khuâng	142
nhẩy	142
pồ	142
truyên	142
ớ	142
ghenh	142
raon	142
trớn	141
truyến	141
ngốn	141
miều	141
đơm	141
ngy	141
cứa	141
lín	141
ngườm	140
lía	140
gãi	140
chạnh	140
xeo	140
vức	139
rọ	139
khạc	139
vuột	139
đùm	139
chèm	139
tóe	138
trản	138
mảy	138
mợ	138
giát	138
pé	137
láu	137
xém	137
tồng	136
tắn	136
việp	136
thết	136
nõn	136
lằng	136
nám	136
núc	136
lỏn	136
hụi	136
trấp	135
rỉa	135
gạn	135
trun	135
sọt	135
thừ	135
mém	135
mấp	134
xốc	134
xàm	134
xõa	134
khứa	134
chạ	134
trĩu	134
quỷnh	134
rám	133
phún	133
bớp	133
chổng	133
dá	133
trử	133
thèn	133
thoe	133
lếch	132
phủi	132
dẫy	132
nhiện	131
ượng	131
cửi	131
pem	130
hởi	130
nhích	130
gie	130
phào	130
nhao	130
chòng	130
bĩnh	130
khảng	129
luyên	129
còm	129
mứn	129
lẩm	129
bươm	128
tăn	128
kheng	128
huýnh	128
lủi	127
phới	127
kháp	127
náy	127
xường	127
giặm	127
ngấn	127
quoi	127
puan	127
pê	126
liếng	126
kít	126
truyển	126
niếp	126
pán	126
quằn	126
sừ	126
quại	126
theon	126
ngoáy	126
giậu	125
rôm	125
niễng	125
bâu	125
noao	125
dánh	125
nhìu	125
lợm	125
thóa	124
dũa	124
lỉnh	124
uể	124
khè	124
ngoạc	124
séo	124
nhảnh	124
tỏng	124
oái	124
mớm	123
giôn	123
phẩn	123
ghiếc	123
ngoằng	123
chảnh	123
tắp	122
dơn	122
xôm	122
ỳ	121
khoeo	121
sium	121
ẽ	120
giắt	120
mủn	120
vên	120
lé	120
vểnh	120
xịn	120
doin	120
thẻn	119
mẩy	119
lể	119
quài	119
thoang	119
đãn	119
vảng	119
toét	119
buang	119
đin	118
vẹm	118
xơi	118
pó	118
ét	118
rứt	118
săng	118
khaing	118
cớm	118
keon	117
niềng	117
vẻn	117
sạo	117
trẹm	117
gùi	117
đẫn	117
xấc	117
roam	117
dộng	116
nưng	116
măm	116
thạp	116
uai	116
ỉa	116
phốc	116
dụm	116
thênh	115
nguơn	115
nhiếc	115
lét	115
lẵng	115
nguệch	115
ếm	115
lợt	115
gẩy	114
muôi	114
bụp	114
trui	114
ghìm	114
nhụt	114
đuơng	114
phờ	113
suing	113
ngẩm	113
áy	113
kháo	113
nhệch	113
khộp	113
rần	113
vầu	112
khia	112
nhếch	112
rảo	112
tuếch	112
sại	112
giền	112
nain	111
nhẫm	111
diếm	111
nật	111
ược	111
rỏi	111
bổi	110
gốt	110
rốm	110
nhăm	110
sồ	110
gẫy	110
hợm	110
hoắt	110
rùm	109
uam	109
naum	109
đư	109
vem	109
bằm	109
taung	109
nhản	109
xoạc	109
hóp	109
nụy	108
vói	108
mỷ	108
bỡ	108
chờn	108
bịnh	108
ẻo	108
phỗng	108
quánh	107
ễnh	107
reon	107
ngấu	107
tẹo	107
dớn	106
bỡn	106
bấu	106
mún	106
tậu	106
hiết	106
làu	106
mẹt	106
lốn	105
gột	105
pẩu	105
cỡi	105
khạo	105
pết	105
sậu	104
lẩy	104
dả	104
trôn	104
giếc	104
trổng	104
vù	104
lấu	103
ghè	103
nược	103
hùn	103
nhũn	103
tằn	103
kẹ	103
néo	102
nhúc	102
chóe	102
ngù	102
nhố	102
suyu	102
cón	101
róc	101
đén	101
vục	101
nghệch	101
đon	101
muốt	101
thiềng	101
lói	101
phớc	101
phôn	101
phuan	101
buin	101
mý	101
pheng	100
đẵng	100
xoàng	100
lải	100
nghèn	100
ium	100
khoen	100
vèo	100
ém	100
ài	100
lỏm	100
dót	100
sain	99
khấp	99
miêng	99
quơ	99
trét	99
huyn	99
thàu	99
mén	98
ngừm	98
cháng	98
dộc	98
lững	98
sôn	98
gát	98
khuang	98
ró	98
vẳng	97
núa	97
bư	97
dìn	97
xẹt	97
đỗng	97
cuổi	97
chề	97
bậu	97
thỏm	97
phài	97
khịa	97
mín	96
nằng	96
bắng	96
thía	96
đển	96
mưng	96
viển	96
dồng	96
mính	96
xồm	96
chọt	96
đếch	96
choạc	96
phặc	95
rỏ	95
đót	95
rĩ	95
khốt	95
chuế	95
trược	95
mệ	95
giựt	95
quết	95
tẩn	95
ỹ	95
ừm	95
đưng	94
béc	94
mội	94
bẳng	94
cạ	94
õ	94
trồ	94
vừ	93
chẹo	93
vian	93
nhậy	93
trùy	93
thướng	93
chuân	93
kếch	93
ươn	92
triếp	92
pông	92
ẹ	92
lẹo	92
xổng	92
bõ	91
dơng	91
thõng	91
ghém	91
nhày	91
gôi	91
ị	91
móm	91
bạnh	91
bàm	91
phổng	91
ving	91
trẩy	90
trẩu	90
dổi	90
chẩu	90
đớt	90
sù	90
quắp	90
ngụm	90
đúm	89
ường	89
tiểng	89
kên	89
nghễ	89
ruang	89
sổng	89
vởi	89
vền	89
mầy	89
choạng	89
lúi	88
thoàn	88
siêm	88
khắng	88
duối	88
điễn	88
biễu	88
laim	88
hỳ	88
hớp	88
củm	88
sước	87
loin	87
chẽn	87
vể	87
dình	87
dóng	87
thiệm	87
chẹt	87
nàm	86
trất	86
bườn	86
càu	86
sạm	86
lẹt	86
xuoi	86
mằng	86
ngủn	86
dóc	86
yểng	86
muin	86
haon	86
rích	85
ngưởng	85
đật	85
dộ	85
rón	85
lơng	85
lôm	85
ghiền	85
giậm	85
lảnh	85
trửu	85
chian	85
trũi	85
ghĩa	85
pàng	84
thín	84
trèn	84
ngáng	84
tìn	84
bíp	84
tain	84
loạng	84
xập	84
tươm	84
niệc	84
thọt	84
pài	83
ây	83
tếu	83
ới	83
ngọng	83
rắt	83
nhùng	83
phỏm	83
giạng	83
bứu	83
bủng	82
gú	82
rù	82
dửng	82
đũi	82
loằng	82
pì	81
trệch	81
dũi	81
suê	81
viềng	81
vọp	81
tìa	81
tréo	81
sền	81
xửng	81
ũ	81
phập	81
heong	81
gỏng	81
sấn	81
payn	81
beon	81
giót	80
thuổng	80
giéc	80
hổn	80
tóng	80
thian	80
sực	80
ọ	80
ngom	80
rế	80
diển	80
quặn	80
traum	80
uyun	80
thè	79
trụng	79
ngáp	79
dòn	79
piêu	79
nhong	79
sịp	79
sẩm	79
tửng	79
gâu	79
sằng	78
phét	78
tồ	78
gẫu	78
lêu	78
rym	78
pồn	78
nú	78
giấp	78
buan	78
nồm	77
phớ	77
sờn	77
khà	77
xùa	77
vợi	77
dọ	77
thạt	77
mươn	77
bộp	77
ngưới	76
phấp	76
quắt	76
pằn	76
nym	76
lớ	76
xạc	76
thôm	76
ộ	76
rúa	76
nghịu	76
guyan	76
voan	76
nơm	75
rài	75
tré	75
hẩm	75
ạch	75
gyn	75
thuộm	75
ợc	75
trốc	75
rởm	75
vuơn	75
rịch	75
muồn	75
nính	75
dợt	74
xút	74
trơi	74
tọ	74
buột	74
uin	74
cạy	74
dòi	74
iang	74
doai	74
gòi	74
rượi	73
tạn	73
xư	73
nhởn	73
mũm	73
mĩm	73
giãy	73
biáng	73
reng	72
khén	72
nhẹt	72
đồm	72
loeng	72
phuy	72
chợp	72
hèo	72
luộm	72
chõ	72
keong	72
dướng	72
guim	72
mên	71
thổng	71
nhèm	71
ơng	71
xụp	71
đẹt	71
rả	71
nghệp	71
hoạc	71
nừng	71
phéc	71
khian	71
kẻng	71
ầu	71
thó	71
kều	71
giạt	70
quẫy	70
nhuốc	70
chạo	70
sượng	70
ròn	70
bương	70
buyan	70
khing	70
oắc	69
míng	69
nư	69
cờn	69
xáp	69
đỏng	69
gày	69
nhột	69
bòa	69
trẽn	68
vường	68
thướt	68
chiam	68
nhẹm	68
lưa	68
quắm	68
ình	68
pích	68
dủ	68
tạch	68
thuin	68
bỉu	67
báy	67
oằn	67
hển	67
soay	67
sộp	67
lụng	67
hoát	67
đủi	67
chã	67
chườm	67
ử	67
gằn	67
seom	67
đú	67
lống	67
díp	66
bĩ	66
ời	66
sáy	66
cúa	66
oăm	66
nãng	66
bốp	66
roàng	66
giói	66
choại	66
dain	66
cọn	65
liến	65
khoàng	65
đưới	65
khủa	65
liáng	65
nơn	65
ự	65
sũng	65
vãnh	65
dọi	65
váo	65
thụng	65
tém	65
thaon	65
coan	65
maum	65
mìng	64
nhiệp	64
kháu	64
ních	64
cắc	64
hục	64
saong	64
xòa	64
mủi	64
xiàng	64
ỡ	64
dịnh	64
hính	64
ưỡn	64
pàn	64
quĩ	64
hửng	64
nuan	64
riang	64
nhạnh	63
hớ	63
huênh	63
déc	63
nớ	63
hây	63
gơ	63
uớc	63
khùa	63
khướt	63
quệt	63
dười	63
xò	63
sịa	63
sã	63
ề	63
máo	63
trạy	63
ruam	63
pút	62
dất	62
nhó	62
cão	62
phơn	62
oam	62
dú	62
muổi	62
rạm	62
cặm	62
niện	62
tuýt	62
ngụp	62
lữa	62
týp	62
choeng	62
goan	62
toánh	62
ngoen	62
lìn	61
oao	61
đìu	61
nhoài	61
giập	61
mèng	61
hiều	61
bươn	61
sún	61
quóc	61
chồ	61
lũm	61
xoàn	61
nhù	60
nọt	60
bễ	60
tuyện	60
rẻo	60
tràu	60
cấc	60
queo	60
náp	60
chenh	60
àn	60
đuổm	60
chẽm	60
ứa	60
xuông	60
huồn	60
hoeng	60
quim	60
xoán	60
sẳn	59
bẩu	59
thẫn	59
triu	59
thúi	59
cụng	59
púa	59
dảnh	59
xổi	59
nhớp	59
láp	59
phảm	59
khọt	59
rắng	59
lích	59
thóng	59
toẹt	59
quấc	58
liện	58
hậm	58
ờng	58
khấm	58
xuê	58
dáu	58
đượng	58
chão	58
huơng	58
háp	58
huội	58
tắng	58
hèm	58
lảm	58
bệt	58
nghỉm	58
bựa	58
nhứ	58
pão	58
nhia	58
niam	58
ghia	58
lụn	57
khoèo	57
ruỗng	57
tưa	57
lảo	57
tón	57
âng	57
quỵt	57
mằn	57
dão	57
xím	57
truồi	57
ể	57
ngộp	57
nủ	57
phử	56
nhời	56
dạc	56
khựng	56
tênh	56
nèn	56
húp	56
mấn	56
phiang	56
xình	56
véo	56
phé	56
ệ	56
bủn	56
khuỵu	56
bôm	56
tén	56
thẹo	56
lúm	56
nũng	56
nhuy	56
piam	56
hẵn	56
cọt	55
lử	55
phủng	55
ộp	55
trới	55
tưu	55
sướt	55
chờm	55
xoe	55
suồng	55
gặng	55
xộc	55
nhốn	55
dáy	54
đeng	54
khểnh	54
nhỡn	54
liềng	54
rảy	54
lất	54
đỏa	54
bẵng	54
lẹp	54
giụa	54
ặc	54
đủng	54
thỗ	54
triệp	54
khoáy	54
hừa	54
buya	54
khiểng	54
maon	54
rụm	53
hó	53
thá	53
nác	53
mym	53
quơn	53
ngưởi	53
lìu	53
saom	53
choai	53
chượp	53
cụi	53
huay	53
hẻ	53
piang	53
tiang	53
róm	53
pạ	52
dứng	52
pạc	52
rạo	52
đui	52
rều	52
truyn	52
vỵ	52
cảu	52
giớ	52
xầm	52
ngoe	52
dước	52
đing	52
lủa	51
nhự	51
nghì	51
xàng	51
trạnh	51
ản	51
triểu	51
ngắc	51
lế	51
đễn	51
giầu	51
đỏi	51
vảo	51
thuyến	51
hiêng	51
xèng	51
pứa	51
taim	51
hẩu	50
gióp	50
rờn	50
khúm	50
pyn	50
bỏi	50
nhoa	50
liếp	50
ẻ	50
móp	50
buam	50
nhôn	50
guôi	50
hỗng	50
hăn	50
yng	50
hể	49
tiệu	49
chầy	49
riềm	49
sạng	49
trài	49
trự	49
byn	49
xíng	49
dịa	49
nhiu	49
khịt	49
khuể	49
sằn	49
đẻn	49
chây	49
khầu	49
giổi	49
kiếu	49
chới	49
tuynh	49
pếch	49
thịch	49
phiều	49
ruim	49
phaon	49
péng	49
huồi	49
sết	49
nống	48
cuy	48
mọ	48
ười	48
chạn	48
tút	48
hế	48
buối	48
cốn	48
thoeng	48
chũng	48
choam	48
pát	48
lườm	48
naung	48
xía	48
đân	47
viến	47
ót	47
dồ	47
nị	47
tụm	47
rặt	47
chớn	47
ỗ	47
súa	47
nẫu	47
phược	47
ữ	47
nguậy	47
dức	47
cõ	47
ại	47
nầm	47
méc	47
lủn	47
sới	47
suai	47
suang	47
phiểu	47
siên	47
huồng	47
hiệm	46
trỗ	46
cọi	46
riệu	46
hắng	46
truan	46
lòn	46
khã	46
vùa	46
hén	46
quon	46
púch	46
nghể	46
phuông	46
tõm	46
dẹ	46
kẹn	46
giom	46
uang	46
chuôn	46
toin	46
guay	46
bía	45
tuyn	45
nhón	45
xừ	45
vố	45
róng	45
khù	45
ríu	45
xuề	45
gười	45
ngõng	45
nánh	45
vự	45
ngồn	45
cuôn	45
dằm	45
chểnh	45
vùn	45
từa	45
tọc	45
cại	45
thên	45
paon	45
teong	45
dắng	45
biêu	45
kịt	44
péc	44
xéc	44
nẳng	44
ớc	44
đếu	44
sẻn	44
nhều	44
xếch	44
đợ	44
híp	44
xiểm	44
chĩnh	44
xảm	44
giùi	44
luốc	44
gièng	44
èo	44
niễn	44
niêng	44
rạnh	44
tiềng	43
khỉnh	43
bộng	43
lủ	43
dôn	43
đé	43
pố	43
rướn	43
rói	43
líng	43
diếc	43
nghía	43
tơn	43
cũn	43
buỗi	43
rặn	43
ngoắt	43
phua	43
bẳn	43
phẩu	43
piềng	43
dử	42
xẩy	42
sẵng	42
vặc	42
gọp	42
xẫm	42
mế	42
quia	42
chuya	42
taing	42
vạy	42
sỗ	42
sầy	42
loàn	42
ẹo	42
niệt	42
nẹt	42
nọn	42
toai	42
vưởng	41
triên	41
xên	41
enh	41
hện	41
cỏn	41
dựt	41
trĩnh	41
hật	41
iên	41
ễ	41
đẵn	41
nhò	41
mèm	41
nhiếm	41
phắt	41
bệch	41
càm	41
nhõng	41
dỹ	41
ạnh	41
nhỹ	41
chến	41
chía	41
đụt	41
giẹp	41
phuộc	40
thủi	40
bải	40
ỉm	40
lụp	40
trổi	40
tưởi	40
thưng	40
toen	40
khấc	40
táy	40
khiu	40
tuối	40
sây	40
giái	40
tẹt	40
mởn	40
phướng	40
maun	40
thaung	40
toác	40
nẹ	40
đynh	40
xĩ	40
khổi	39
khú	39
điệm	39
haun	39
nián	39
khắn	39
sỉnh	39
oin	39
khy	39
chặp	39
xẩu	39
khoài	39
nghịt	39
uya	39
toáng	39
thuẩn	39
choảng	39
ướm	39
hướm	39
rão	39
nhiểu	39
lừm	39
són	39
nhụa	39
chệ	39
saun	39
ngàu	39
vọc	38
rạt	38
khị	38
vòa	38
myn	38
boin	38
bẽo	38
hày	38
bép	38
ộc	38
cỡm	38
týn	38
thởi	38
ỉn	38
chổm	38
ngoạt	38
thoản	38
rổng	38
ngứ	38
vão	38
sồn	38
duya	38
nỳ	38
phời	37
phầy	37
dúng	37
trũ	37
lồm	37
ơm	37
tháy	37
phộc	37
thơng	37
đựa	37
hưỡng	37
ọp	37
giung	37
nhê	37
lẽn	37
xuyền	37
tậm	37
mịnh	37
hian	37
duồng	37
chọng	37
nhạp	37
riam	37
nạch	37
riễn	37
nớp	36
puông	36
tíu	36
chiếp	36
mơi	36
trợt	36
miệu	36
ngun	36
chyển	36
thoen	36
trẹo	36
nguòi	36
siểm	36
vủa	36
quít	36
riệc	36
xằng	36
bẹo	36
ồng	36
nuột	36
rếu	36
ướng	36
ẹp	36
quạch	36
khôm	36
xêm	36
đở	36
oách	36
păm	36
chậc	36
uơng	35
lẹng	35
nghenh	35
nhiền	35
rúm	35
gữa	35
giữu	35
tóa	35
uyu	35
suay	35
chúp	35
giài	35
nẩm	35
hếp	35
chễm	35
hản	35
chuyn	35
trính	35
ồm	35
sẳng	35
mím	35
gậm	35
suam	35
nguyển	34
nạy	34
lụ	34
ngẩu	34
uôn	34
bửa	34
thõa	34
tèn	34
chô	34
trốt	34
khì	34
dúm	34
bẽn	34
píng	34
phiu	34
trian	34
ruê	34
xuấn	34
lỹ	34
ụp	34
truởng	34
tián	34
rớm	34
mếch	33
luơng	33
tến	33
củn	33
phòn	33
dụp	33
bym	33
sởn	33
dụi	33
tợ	33
lẹm	33
nhắng	33
khồng	33
ợt	33
oang	33
ỵ	33
măn	33
guộc	33
vệc	33
khẹt	33
ngữa	33
quạc	33
mứa	33
khời	33
tễnh	33
gải	33
nghẹ	33
mấm	33
nhiếu	33
taon	33
tổi	33
luện	33
diểm	33
liếu	33
lậm	33
hơm	33
thíp	33
ún	33
tyn	32
sũ	32
hườn	32
lũa	32
sữ	32
mởi	32
ghênh	32
pọng	32
hỏm	32
nguộn	32
húi	32
khẩm	32
sụng	32
poing	32
lữu	32
suyên	32
nhội	32
sệ	32
níng	32
dớp	32
phuang	32
nũ	32
xụ	32
viam	32
quạng	32
duay	32
lyng	32
hênh	31
ngấp	31
đì	31
lổng	31
tếng	31
pịa	31
nuy	31
chỏng	31
ngận	31
tró	31
nghéo	31
trằn	31
đợc	31
ùng	31
truờng	31
khằm	31
uyn	31
chiung	31
thấng	31
vẩu	31
nhền	31
đíp	31
ngụa	31
cũa	31
daim	31
sép	31
nhợ	31
chẳn	31
uột	31
khênh	31
chảng	31
dên	31
nhần	31
thấn	31
béng	31
pục	31
sùa	31
ngão	31
đấp	30
nuớc	30
sêu	30
cuơng	30
éc	30
dym	30
gioăng	30
theng	30
vởn	30
xống	30
tầy	30
doạn	30
ừng	30
đừ	30
nguôn	30
dàu	30
nhảu	30
saung	30
xián	30
trêm	30
thuyển	30
dèng	30
ngối	30
tủn	30
tryền	30
ột	30
trý	30
xêút	30
aún	30
đơi	30
huần	30
đạng	30
truơng	30
riêm	29
mản	29
thâng	29
nguốn	29
lởn	29
rọt	29
sè	29
duin	29
nịu	29
đâng	29
lón	29
súi	29
sẫn	29
ngùn	29
nốp	29
chaum	29
búc	29
đợn	29
xự	29
soạng	29
sém	29
chặc	29
chẹ	29
gaun	29
mẵn	29
khẹc	29
iêu	28
xơn	28
dởm	28
nghét	28
aym	28
cyn	28
tịa	28
dỏng	28
khủy	28
phâm	28
đễnh	28
tưm	28
trô	28
ghẽ	28
hừm	28
ngụt	28
rủn	28
vum	28
nấn	28
phảy	28
xái	28
xệch	28
syng	28
lêng	28
chiển	28
ẻn	28
hảm	28
sòm	28
úi	28
cưởm	28
ngợ	28
hã	28
luổng	28
lờn	28
nố	28
quẽ	28
đảy	28
xiểng	28
miểng	28
vẳn	28
sòn	28
ngũi	28
khụ	28
ngãng	28
thuya	28
lián	28
dóm	28
miang	28
dồm	28
nhây	28
đyn	28
cởn	28
duôn	27
luyang	27
mư	27
phồ	27
níc	27
nõ	27
rẳng	27
họi	27
páp	27
sủn	27
xàu	27
bứng	27
huán	27
ngủm	27
phứa	27
hêng	27
chủa	27
nều	27
lịa	27
vốc	27
bụ	27
quạn	27
thại	27
khều	27
ngoắc	27
ục	27
dụa	27
dút	27
miàn	27
cuỗm	27
sồng	27
vắp	27
dảo	27
tuam	27
gống	27
tọt	27
chaon	27
rừ	27
tạu	27
dờ	26
khạng	26
hượu	26
khuyếch	26
đươi	26
nhíu	26
xĩnh	26
cỡn	26
hiang	26
nhiềm	26
ợng	26
rịt	26
ngoải	26
tộp	26
dón	26
tơm	26
chíu	26
dố	26
mụt	26
riếu	26
gấn	26
khảy	26
sịt	26
nhít	26
đém	26
bõm	26
hập	26
aing	26
xẹo	26
ngồng	26
têu	26
trây	26
gủi	26
nằn	26
vày	26
thaing	26
nỏi	26
đêu	26
mãu	26
soạt	26
poin	26
khình	26
muây	26
khến	26
duàn	26
tuận	26
nọng	26
hằm	26
thụp	26
xoành	26
xoạch	26
bium	26
thẻo	26
họe	26
tium	26
dẹo	26
mếu	25
rớ	25
thim	25
nườm	25
nượp	25
guai	25
loam	25
ày	25
rư	25
oen	25
thút	25
xìn	25
gằng	25
téc	25
nhãi	25
tỉn	25
hẹt	25
venh	25
ngòn	25
địu	25
ngảo	25
diền	25
rốp	25
ọc	25
hần	25
đểm	25
gấy	25
vym	25
tuôi	25
hẳng	25
giàm	25
tháu	25
khơng	25
dác	25
ngoác	25
nắc	25
ộng	25
hảng	25
ậu	25
oét	25
gium	25
chố	25
chếc	25
dùn	25
thộc	25
hữ	25
cời	25
hoái	25
duyễn	25
quẵng	25
pải	25
biêng	25
ngùa	25
oài	25
xuơng	25
sặp	25
tơng	25
laun	25
mết	25
kiam	25
guàn	25
buay	25
ỏm	24
baun	24
điếng	24
đõ	24
hyn	24
sõi	24
bển	24
khân	24
quị	24
nẳm	24
mủng	24
húa	24
trươi	24
nò	24
đũng	24
nhớn	24
păn	24
lện	24
khòa	24
àm	24
huẩn	24
giư	24
ngòm	24
gường	24
đum	24
chuán	24
nì	24
xắp	24
đoi	24
khẹo	24
nhiệu	24
nàu	24
sột	24
rổi	24
thững	24
duyến	24
tực	24
sọi	24
nọa	24
khỏ	24
múp	24
rôi	24
lằm	24
phing	24
thain	24
maing	24
giảnh	24
puang	24
đôm	24
luing	24
ngám	24
suya	24
luay	24
chụt	23
chún	23
nhy	23
rơn	23
gọ	23
mổi	23
pét	23
đóc	23
hỹ	23
puồng	23
hạy	23
truốt	23
nân	23
mưới	23
iếng	23
uoi	23
choãi	23
huam	23
dờn	23
nguồi	23
lổn	23
lởi	23
địt	23
nậy	23
thếch	23
chể	23
điêm	23
phềnh	23
doàn	23
xờm	23
nảo	23
quố	23
nây	23
hiam	23
khiang	23
léc	23
bằn	23
bưa	23
chắm	23
nhiễn	23
hoạnh	23
nuỗng	23
tỗn	23
giin	23
xọ	23
thiệng	23
dớt	22
trạn	22
thuớc	22
lym	22
trộng	22
váp	22
khạp	22
sòi	22
phóc	22
rịn	22
hìn	22
chẻo	22
chẹng	22
chìu	22
giội	22
nót	22
doang	22
dỏ	22
tấng	22
niếu	22
vẻo	22
truớc	22
ghệ	22
nhoang	22
saing	22
nẫng	22
quác	22
luợt	22
khảu	22
phạp	22
hừ	22
chưn	22
mẳn	22
ngảy	22
lũi	22
moay	22
nhửng	22
rỵ	22
lìng	22
hún	22
lẳn	22
bỗ	22
nhèo	22
choan	22
thiang	22
phinh	22
lản	22
tíng	22
hánh	22
đị	22
lến	22
lựng	22
hoam	22
phổn	22
ngóe	22
nhên	22
khừa	22
phíu	22
tíc	22
hiềng	22
mờm	22
gòng	21
dín	21
vuan	21
tòn	21
suyển	21
hayn	21
kến	21
trằng	21
trỉ	21
sớt	21
giâu	21
lỷ	21
kễnh	21
dẵng	21
quành	21
kệt	21
trủy	21
páng	21
hiêm	21
nhóng	21
thộn	21
chụ	21
lừu	21
buyang	21
dìng	21
xiáng	21
gúp	21
lụm	21
ủn	21
nựng	21
chụi	21
ẹc	21
ngội	21
iệt	21
nhể	21
khòn	21
nùi	21
quì	21
phám	21
rậu	21
nộc	21
pấc	21
soin	21
đúa	21
quạu	21
ngẫn	21
ngặn	21
rề	21
vồi	21
méng	21
lệt	21
ần	21
suyệt	21
puyang	21
bụm	21
taun	21
nghiệu	20
khệnh	20
haing	20
xún	20
quỉ	20
trem	20
óa	20
xuyun	20
lền	20
sường	20
uấn	20
lòm	20
nhỏm	20
trảy	20
đướng	20
dợ	20
ịch	20
uim	20
nãm	20
chuồi	20
niểu	20
khiểu	20
sận	20
pảng	20
thoăn	20
phấm	20
sẹ	20
hụ	20
sâng	20
tuin	20
hoảnh	20
quặm	20
noan	20
khiểm	20
thớm	20
saon	20
phây	20
vẵn	20
chản	20
níp	20
liểng	20
hị	20
ành	20
nuýp	20
phè	20
rặc	20
phèng	20
mõi	20
trắn	20
tría	20
caim	20
pè	20
ngộn	20
raun	20
pêng	20
kháy	20
chám	20
đíc	20
xẻn	19
mayn	19
giồi	19
cóm	19
cảy	19
xậm	19
oim	19
huỵch	19
chíng	19
nhẩn	19
đấn	19
chẳm	19
pỉnh	19
bịn	19
sơi	19
ón	19
thểm	19
xãy	19
phìa	19
puốn	19
cẫng	19
mừ	19
xề	19
gó	19
góng	19
huyển	19
dõ	19
tộng	19
pót	19
gới	19
ội	19
thuởng	19
àng	19
ríp	19
thuông	19
điu	19
paun	19
phảo	19
kẽo	19
iện	19
nhình	19
phực	19
đủa	19
trố	19
siàn	19
hoác	19
phống	19
tuồi	19
sịnh	19
guoi	19
chôi	19
thườn	19
pháy	19
chếu	19
vưng	19
nghẽo	19
vèn	19
phiết	19
yều	19
dãnh	19
đéo	19
thuanh	19
ruỗi	18
gườm	18
giầm	18
triến	18
xốm	18
oay	18
iun	18
oeng	18
huých	18
kiàn	18
hượng	18
khể	18
ghị	18
êng	18
túa	18
ría	18
nhắp	18
luya	18
phiêm	18
chèng	18
chóa	18
dún	18
nhùi	18
rũa	18
suyền	18
rướm	18
nỉnh	18
phọt	18
ạn	18
sãn	18
noản	18
trện	18
noin	18
buốc	18
rún	18
phậm	18
dềnh	18
mủa	18
nững	18
chắng	18
xìu	18
suỵt	18
tỉu	18
chiệng	18
òn	18
diếu	18
mám	18
giử	18
roang	18
trym	18
tọi	18
điếp	18
trẽ	18
chảm	18
huoi	18
mynh	18
nờ	17
ớng	17
ngững	17
vư	17
trứu	17
chiểm	17
sén	17
phoa	17
uê	17
cuôi	17
oeo	17
quu	17
ọe	17
quờ	17
hửu	17
phỏ	17
ởng	17
nhừng	17
biệu	17
lỉ	17
uốc	17
sị	17
hỏn	17
hầy	17
thờn	17
dều	17
vản	17
liàng	17
dợn	17
phít	17
kíu	17
bẫm	17
sụm	17
nhuân	17
sỉn	17
hẽm	17
lệu	17
ngầy	17
trèm	17
dạnh	17
toàng	17
ngặc	17
pái	17
trium	17
pẻn	17
tựng	17
ruộm	17
lóm	17
thẩy	17
lóp	17
síu	17
nòn	17
ngưa	17
rõi	17
ỏng	17
dĩn	17
pản	17
nhứng	17
đải	17
héng	17
vọn	17
nhữn	17
rở	17
dayn	17
huin	17
xịch	17
ờm	17
tũn	17
pùng	17
liễng	17
nuya	17
muyu	17
suôi	16
ính	16
phẻ	16
phư	16
lõ	16
niền	16
mụch	16
chữu	16
xỉnh	16
quào	16
hoắm	16
nyn	16
cháp	16
nium	16
nhiểm	16
phặng	16
lỡm	16
xeng	16
sựu	16
chượng	16
xìng	16
bảm	16
gữi	16
tẻn	16
pinh	16
déo	16
khới	16
ngằn	16
riễu	16
giần	16
phênh	16
gồi	16
sèo	16
biàn	16
đớ	16
trềnh	16
bĩu	16
vọi	16
nguẩy	16
nhướng	16
chaun	16
lọp	16
chên	16
bìn	16
nghệm	16
sề	16
đệp	16
dúa	16
sèn	16
nỷ	16
hỉu	16
phểu	16
peon	16
khọ	16
chọ	16
puốc	16
phắc	16
chuấn	16
hặng	16
nuê	16
cợn	16
hón	16
nguộc	16
vập	16
hưa	16
sọa	16
sùm	16
trấm	16
sật	16
khóng	16
nhựu	16
trển	16
téng	16
tủm	16
duốc	16
vộ	16
lày	16
kiễng	16
phăm	16
khưa	16
cổi	16
chium	16
duai	16
xố	15
sẩu	15
xoát	15
khụy	15
êu	15
sìu	15
nường	15
nghiều	15
trơng	15
duôi	15
hoằn	15
bữu	15
thyết	15
trìa	15
cừa	15
ênh	15
yêng	15
tuán	15
đuy	15
têng	15
nủa	15
ngằm	15
đự	15
diàn	15
xuán	15
loăng	15
hấy	15
chưởi	15
lồn	15
chẻm	15
trệu	15
mển	15
thẩu	15
riên	15
mẩm	15
nhổm	15
ùm	15
hữa	15
nười	15
giưa	15
cuồi	15
ết	15
mớp	15
sựt	15
ũng	15
nguyến	15
tróp	15
cậm	15
quyếch	15
hốn	15
giẫy	15
từn	15
kía	15
daon	15
xoàm	15
lổm	15
ởn	15
đí	15
ùi	15
ràm	15
rụ	15
rại	15
rụp	15
duông	15
vóng	15
òng	15
xunh	15
nởi	15
hịa	15
khuỷa	15
vằm	15
dẳn	15
bãy	14
nhủng	14
vình	14
ệt	14
xoải	14
tuởng	14
đẹn	14
thầnh	14
hỏ	14
thểu	14
oàn	14
ngồ	14
xoảng	14
puộc	14
bayn	14
khuống	14
tuê	14
giộp	14
tẳng	14
pớt	14
pặt	14
hứ	14
gióc	14
xỏn	14
khỏng	14
caom	14
xậy	14
tuớng	14
dịc	14
nhâu	14
ốn	14
uộc	14
phạc	14
dẵn	14
vạnh	14
hợ	14
pắng	14
giánh	14
muợn	14
cuói	14
phừng	14
být	14
trều	14
bòi	14
khàng	14
bẵm	14
mỹm	14
nhưn	14
buộm	14
vướn	14
hảnh	14
xân	14
chếnh	14
ngoéo	14
ỡm	14
paung	14
mồn	14
xùn	14
sụa	14
thuất	14
phằng	14
đện	14
nạnh	14
nhúa	14
tuổng	14
kím	14
muya	14
thều	14
ngổm	14
dảm	14
đẻo	14
khòe	14
dệu	14
tým	14
hoáng	14
xến	14
múm	14
dệ	14
đứ	14
phịa	14
púm	14
vồm	14
huởng	14
phởn	14
ến	14
caum	14
mỡi	14
hoẳng	14
bươi	14
dứu	14
xưn	14
khọn	14
khúng	14
nhưởng	13
nhủi	13
lúy	13
đẫu	13
giửa	13
sõng	13
tãi	13
duê	13
uôi	13
uơ	13
ưi	13
ưn	13
gùa	13
lưởng	13
xộ	13
loảng	13
nhoẻn	13
haym	13
cộn	13
pầu	13
tẽ	13
lám	13
chuần	13
trớt	13
dươi	13
xíp	13
pâu	13
hủng	13
xủ	13
thạm	13
khiện	13
luých	13
huái	13
hía	13
lước	13
dễn	13
lớt	13
giạn	13
píp	13
xốn	13
giứ	13
nhinh	13
trến	13
bệu	13
khèo	13
đuờng	13
rayn	13
hỡ	13
ậm	13
taum	13
nềm	13
quện	13
pốc	13
hụp	13
nũi	13
xấy	13
nghim	13
gunh	13
trưỡng	13
gỏ	13
hợn	13
rân	13
đưỡng	13
chón	13
khạ	13
giù	13
nhệ	13
rụa	13
thãng	13
cuất	13
buyu	13
đườn	13
ngá	13
thuờng	13
khộng	13
khúy	13
nự	13
téo	13
khoàn	13
hồm	13
ghem	13
thíc	13
hược	13
khoắt	13
nguang	13
yếng	13
bườm	13
thuyanh	13
toem	13
mửi	13
luồi	13
quạp	13
khúa	13
vìn	13
phuốc	12
trức	12
nghỉa	12
cơng	12
khìa	12
ưm	12
khuốc	12
ưới	12
daung	12
xộp	12
trỉa	12
đởi	12
bủ	12
thượt	12
quảy	12
ọt	12
uynh	12
kiun	12
nứ	12
lịc	12
chúm	12
chím	12
liàn	12
trìng	12
văm	12
khoắng	12
huận	12
rãng	12
toim	12
khằng	12
huình	12
đún	12
rịnh	12
giơi	12
ụt	12
phơng	12
nũa	12
dừ	12
giân	12
phày	12
liểu	12
đóp	12
tện	12
khẩy	12
đấnh	12
dứ	12
ịt	12
oạt	12
sèng	12
ngoẵng	12
tróng	12
khiềm	12
sêng	12
dium	12
xục	12
tọng	12
gọc	12
mốp	12
cuan	12
trã	12
rẽo	12
bồm	12
sẻo	12
nựu	12
dỡn	12
gố	12
muổng	12
traon	12
luai	12
đỏm	12
ngoán	12
đụ	12
hảy	12
ônh	12
naong	12
khào	12
nghẻo	12
nhán	12
khẻ	12
lựm	12
khựa	12
toài	12
oành	12
luợng	12
vỡi	12
bãng	12
buôi	12
coín	12
baon	12
denh	12
đoàng	12
tưỡng	12
khắm	12
pậu	12
meon	12
dím	12
eong	12
mêu	12
taom	12
xoái	12
thón	12
thỏng	12
puay	12
triam	12
óch	12
uên	11
khiền	11
phóa	11
xết	11
găn	11
quờn	11
bợt	11
xăn	11
huất	11
giy	11
khoeng	11
mước	11
xè	11
đượt	11
ùy	11
ườn	11
nhoẹt	11
lổi	11
truyệt	11
vẹ	11
duồn	11
pồi	11
rứ	11
chách	11
gẫn	11
riếng	11
tão	11
nèm	11
chạt	11
dỵ	11
tụa	11
sếch	11
chệnh	11
xỏa	11
nhing	11
laung	11
biệc	11
khoẳng	11
giự	11
sơm	11
dặng	11
mược	11
rươu	11
poan	11
đặm	11
mọp	11
rộm	11
dảng	11
chươn	11
vêng	11
phịch	11
búm	11
lơm	11
rịp	11
mẽo	11
phiển	11
pào	11
dọng	11
giia	11
hổm	11
đuôn	11
phính	11
môm	11
truyết	11
quau	11
khễnh	11
iến	11
dốp	11
xênh	11
rím	11
quoin	11
nhộm	11
dàm	11
giỡ	11
chẹm	11
rấn	11
trắp	11
đưởng	11
chẫu	11
chuệch	11
tịu	11
xờ	11
kễ	11
pặp	11
nất	11
ghết	11
uyền	11
khiam	11
sớn	11
ngỡi	11
nhẩu	11
trằm	11
gióa	11
tún	11
xuốn	11
rẫm	11
dện	11
soim	11
quằng	11
suơng	11
nháng	11
chuản	11
ừa	11
quyễn	11
tỉm	11
thợi	11
nình	11
aín	11
paim	11
nhéo	11
pặc	11
kiễn	11
tếp	11
trâng	11
xuay	11
nĩ	11
nguổn	11
boan	11
luấn	11
giề	11
vổ	11
chuin	11
nẵm	11
hẩy	11
đắnh	11
nhõi	11
điết	11
vưa	11
đoành	11
choin	11
nậng	11
senh	11
suyun	11
vín	11
uyết	11
tìu	11
naón	11
naon	11
pất	10
tronh	10
boao	10
saim	10
chệt	10
xản	10
châng	10
cã	10
chỗi	10
địn	10
onh	10
kyn	10
ghin	10
khé	10
xợi	10
chộn	10
tuỏi	10
lềm	10
pách	10
rới	10
tùa	10
chịa	10
pên	10
renh	10
conh	10
nghên	10
mợi	10
chiềm	10
hẹo	10
tẻo	10
xuổng	10
dổ	10
đoát	10
hứu	10
gốp	10
dớ	10
nhựng	10
troa	10
dắn	10
iếp	10
nuốm	10
nhồm	10
tói	10
quộc	10
nhầu	10
khốp	10
đãy	10
rềnh	10
thoắng	10
ực	10
cợ	10
khọc	10
duống	10
nhẻm	10
chộ	10
phỉa	10
cóa	10
doán	10
buốn	10
quày	10
thộng	10
biễn	10
ạo	10
ạc	10
ụm	10
oại	10
thùm	10
chyên	10
khở	10
trạ	10
ràn	10
bêng	10
nhiết	10
huộc	10
ngường	10
vửa	10
ynh	10
biêm	10
rủng	10
tờn	10
gặn	10
tảm	10
diang	10
quâm	10
raim	10
đọn	10
chaing	10
gằm	10
rẹ	10
chẩy	10
bốm	10
hunh	10
hín	10
ẽo	10
thỉng	10
phìm	10
thíu	10
mâng	10
thún	10
xữ	10
gộ	10
đoại	10
sối	10
áu	10
tryn	10
rùn	10
nhượn	10
chónh	10
chự	10
chaung	10
rơng	10
vâm	10
đoảng	10
lọa	10
roing	10
guya	10
hệu	10
vỉnh	10
kếu	10
xuyễn	10
tiam	10
èn	10
mêm	10
baung	10
đết	10
roài	10
pảy	10
tền	10
thạng	10
chại	10
thym	10
hiễu	10
dươn	10
nỏng	10
nuim	10
gòm	10
chìn	10
pháng	10
ghếnh	10
voin	10
nhệm	10
quớt	10
phốm	10
guyu	10
raung	10
chuay	10
muyang	10
gayng	10
puing	10
guơng	10
rênh	10
séng	9
giặn	9
dét	9
thuợng	9
tớp	9
địng	9
uýt	9
khủ	9
trè	9
chịnh	9
đy	9
pư	9
vống	9
nguam	9
giệt	9
lêm	9
huỷnh	9
iêng	9
chyến	9
nhuyến	9
hâng	9
thyng	9
uay	9
vyn	9
hoải	9
quain	9
xạt	9
vốt	9
gám	9
ghệt	9
nhẫy	9
sõ	9
kịnh	9
lảu	9
quuyền	9
phầu	9
đỉ	9
xoẹt	9
nhoàm	9
ngăng	9
guồi	9
ẫm	9
giối	9
quãn	9
giại	9
nộng	9
xúng	9
đờng	9
phị	9
thuạt	9
ghèn	9
xuởng	9
cồi	9
cưởi	9
trậu	9
quảnh	9
chuôm	9
iệc	9
ựa	9
uyện	9
chặm	9
monh	9
híc	9
daonh	9
guơm	9
tòm	9
cuya	9
chiệc	9
tráu	9
triểm	9
ghiệp	9
dếnh	9
nổng	9
chời	9
cạu	9
riệt	9
nhấy	9
xắng	9
xoãi	9
ghí	9
giút	9
míp	9
pế	9
baim	9
puoi	9
sựng	9
xựng	9
vướt	9
hõ	9
rếch	9
thàm	9
trể	9
xuyệt	9
nóp	9
bểu	9
xồn	9
mêng	9
kêng	9
gách	9
ný	9
khúp	9
niểm	9
piên	9
miam	9
chyện	9
dướn	9
dữa	9
hiun	9
nưm	9
mẫy	9
phỡn	9
mện	9
diêng	9
chẫn	9
lứ	9
trặn	9
noain	9
toeng	9
nguan	9
phếu	9
piàn	9
niều	9
nhách	9
đía	9
nhẳng	9
kệnh	9
nghiểm	9
nhính	9
chẹp	9
kẻm	9
ởi	9
hoem	9
lậc	9
pium	9
sể	9
nghìa	9
mờn	9
riền	9
nhụng	9
nhổng	9
vòn	9
siền	9
rột	9
phuớc	9
taong	9
quoanh	9
khaonh	9
hẫu	9
uyễn	9
piệng	9
loắt	9
pằng	8
duói	8
trìn	8
gioa	8
pỉ	8
lĩ	8
thủm	8
khòm	8
chều	8
hịnh	8
mụa	8
khuỳnh	8
trẳng	8
ruốt	8
đoác	8
uớt	8
điềng	8
xớt	8
luốn	8
giởi	8
tríc	8
kẹm	8
pây	8
nhín	8
bửng	8
ngọi	8
iếc	8
iết	8
ền	8
phứt	8
ngượi	8
tiểm	8
đạy	8
khết	8
uym	8
xyn	8
trởi	8
xày	8
phéo	8
giứp	8
goài	8
đằn	8
riều	8
nhôi	8
ắn	8
giẳng	8
phệt	8
xiền	8
vẵng	8
trậm	8
riển	8
phặt	8
gổm	8
mưỡu	8
àu	8
xội	8
nế	8
nừa	8
dunh	8
dặp	8
soam	8
cướng	8
lộp	8
cới	8
cặc	8
dết	8
nướt	8
tớn	8
nhơm	8
bỏn	8
ầy	8
hìng	8
iệu	8
léng	8
rêm	8
muộng	8
khoắc	8
rức	8
vý	8
chễ	8
giõi	8
thoãi	8
thễ	8
ngoàn	8
rọng	8
vưới	8
ruyện	8
líc	8
gơi	8
suyang	8
rừa	8
nhuyên	8
hép	8
trền	8
riệng	8
guông	8
pạt	8
xuềnh	8
xoạn	8
chõa	8
huyan	8
huơ	8
dỉ	8
sỉu	8
doạt	8
naun	8
duim	8
nghễnh	8
saum	8
vuoi	8
đãm	8
phành	8
chàn	8
gụi	8
choen	8
rêng	8
huyu	8
thenh	8
tểnh	8
cẳn	8
chộng	8
kếm	8
pèn	8
bạm	8
xỏm	8
nhoạng	8
háy	8
guây	8
lứu	8
duyan	8
xấm	8
huàn	8
rợm	8
trêng	8
luạt	8
vậng	8
miển	8
xiệc	8
chuai	8
bợp	8
hỵ	8
ngỏm	8
nhưa	8
sấc	8
tuàn	8
dỉnh	8
nhoe	8
quyềnh	8
siếc	8
dỏi	8
thồi	8
họt	8
thuyn	8
phũm	8
ngũn	8
vaun	8
hốp	8
nhải	8
dít	8
sứng	8
rượng	8
sổi	8
vuợt	8
daing	8
pỏ	8
phẩng	8
pèng	8
pắt	8
tyng	8
tảu	8
trưởn	8
xịa	8
ngườu	8
tòe	8
nỡm	8
khặp	8
dăn	8
niếng	8
sốn	8
dửn	8
buai	8
thọi	8
pợ	8
khướng	8
rược	8
quạo	8
kẽn	8
nhun	8
mượng	8
luam	8
khuếnh	8
rium	8
vám	8
kẹc	8
trẳm	8
bựng	8
peong	8
henh	7
hự	7
ngộc	7
thòm	7
ghiên	7
khục	7
duyền	7
phạch	7
lỏa	7
teon	7
niàn	7
xuát	7
điểng	7
ngoàm	7
đèng	7
thèng	7
tềnh	7
sẹc	7
nuống	7
ặt	7
oàng	7
oặc	7
iêm	7
uây	7
ươu	7
lưi	7
vuy	7
xym	7
thuệ	7
gữ	7
quian	7
gảnh	7
ianh	7
bìng	7
giúm	7
ựt	7
thẵm	7
dẩu	7
đừa	7
hoánh	7
nghển	7
puyan	7
ngửng	7
đẹ	7
ngặp	7
xáy	7
chỏi	7
nận	7
ỉnh	7
khừng	7
nợi	7
sủy	7
cuỗi	7
buổn	7
trợc	7
đăn	7
ẹm	7
ợi	7
ượt	7
uận	7
quền	7
chiễm	7
thờng	7
tưn	7
rúi	7
trộ	7
muốc	7
naím	7
nhóp	7
điệng	7
tốm	7
goai	7
sím	7
thíng	7
trẩm	7
khành	7
khính	7
phốp	7
sày	7
trenh	7
quạy	7
ruật	7
biểm	7
huốn	7
tạy	7
rọm	7
soing	7
ruông	7
vĩa	7
luợc	7
chủi	7
nuyên	7
trồn	7
đụp	7
guyên	7
nhộp	7
xềnh	7
ãnh	7
rảng	7
phôm	7
rật	7
nưi	7
pím	7
thiếng	7
rứng	7
reong	7
nõi	7
khếnh	7
khóp	7
phọng	7
bỉa	7
giụp	7
rèo	7
nhệt	7
khuối	7
chuển	7
sộc	7
kèng	7
mộn	7
tuai	7
rỉnh	7
chý	7
laum	7
liùng	7
cẫn	7
tenh	7
kểm	7
sộng	7
tryện	7
vơng	7
nưới	7
kĩnh	7
xướt	7
iều	7
toén	7
đim	7
nuyễn	7
chơng	7
bóm	7
khuyễn	7
gõi	7
đép	7
rãy	7
xồ	7
uyến	7
cheom	7
dắp	7
quềnh	7
uyan	7
rẹt	7
hợc	7
huối	7
nhớm	7
tặn	7
hiùng	7
khếch	7
đũ	7
mềnh	7
chaom	7
khòng	7
lướng	7
đaọn	7
huông	7
xời	7
kếnh	7
nhânh	7
tữa	7
phẵng	7
cắng	7
đậc	7
chũn	7
pạn	7
caon	7
trãng	7
lẹn	7
đững	7
nhõ	7
câng	7
nênh	7
phón	7
lờm	7
pạnh	7
hượt	7
nhìm	7
huớng	7
khaung	7
thuạn	7
trỡ	7
chứn	7
uổi	7
huốt	7
róa	7
roin	7
vẫu	7
bẫng	7
khônh	7
sọp	7
chiun	7
hếu	7
thỏn	7
paym	7
liun	7
moim	7
bờn	7
poang	7
gơn	6
pụt	6
xính	6
bớc	6
hưỡn	6
đữ	6
thèo	6
dọch	6
triếu	6
suát	6
vỗn	6
ngòa	6
thơn	6
ữa	6
hặp	6
nhẳm	6
hấm	6
ỏa	6
òe	6
ững	6
ngyên	6
nghêng	6
hậy	6
mằm	6
pủ	6
ghếch	6
ợp	6
khynh	6
pâng	6
néng	6
duổi	6
xòm	6
rấy	6
íp	6
oăn	6
ịa	6
tõ	6
đừn	6
thứng	6
ỗi	6
vủ	6
địc	6
ngỏng	6
tứng	6
uật	6
soắn	6
chuê	6
xoanh	6
bưởng	6
kẻnh	6
ním	6
ngựu	6
chỡ	6
rỡn	6
dẵm	6
nghềnh	6
nghẹo	6
kiệp	6
niển	6
thuyệt	6
dúp	6
mụi	6
tợi	6
pựt	6
sằm	6
nứng	6
siển	6
cỏm	6
nghểnh	6
buống	6
nguồng	6
ậy	6
ận	6
ựu	6
oặt	6
lủy	6
chốp	6
nhười	6
tõe	6
tròi	6
poanh	6
trùa	6
nù	6
nệp	6
ỏn	6
thạ	6
gặc	6
chêng	6
sểnh	6
thữ	6
lệc	6
lệng	6
gúc	6
thười	6
xuyển	6
trạp	6
xão	6
khên	6
đơng	6
éng	6
dững	6
dãng	6
khứng	6
hưởn	6
nhẵng	6
đaòn	6
lẵn	6
tỉng	6
niễu	6
dảy	6
tuớc	6
chậy	6
mĩnh	6
phưng	6
giú	6
xiung	6
ruệ	6
rự	6
bẫn	6
raing	6
vãy	6
chựng	6
miềng	6
bặn	6
buồi	6
đươn	6
thúm	6
thúa	6
duẩm	6
trỏng	6
nhịu	6
rônh	6
chầng	6
rấm	6
hươm	6
hoặt	6
luyn	6
giứa	6
uần	6
trẫy	6
khuẫn	6
chơm	6
dượi	6
rệ	6
duyun	6
hộn	6
ếp	6
sặng	6
trỉnh	6
ruyu	6
mừa	6
trùi	6
sỏa	6
tữ	6
vữ	6
cuing	6
mữa	6
xởi	6
chưởn	6
thaong	6
thồng	6
iểu	6
thệm	6
trẻn	6
tượt	6
phãi	6
nhưu	6
chuận	6
phíc	6
buê	6
xìa	6
gờng	6
huôi	6
riung	6
khạt	6
pòng	6
thộ	6
mủm	6
thỷ	6
tợp	6
rớp	6
nhồn	6
ẫn	6
goay	6
hĩm	6
chĩ	6
ruay	6
hõa	6
mườn	6
bẹc	6
rởi	6
thoàng	6
gião	6
yễm	6
khuơng	6
rặp	6
đách	6
khuốt	6
súm	6
lũn	6
chyng	6
xớ	6
kéng	6
vẽn	6
trớc	6
mỏn	6
luạn	6
pứt	6
choét	6
uồm	6
đạch	6
bợi	6
puôi	6
hượn	6
giốn	6
tuẩn	6
đìng	6
mướng	6
või	6
chuộn	6
vơn	6
nhảo	6
mựt	6
khiềng	6
chộc	6
đổn	6
duộng	6
dưởng	6
nhữu	6
kểu	6
iểm	6
hùy	6
khữu	6
gioang	6
chyn	6
xuỵt	6
tểu	6
xọt	6
tườu	6
nời	6
duam	6
theom	6
lấc	6
nghính	6
huài	6
hụy	6
ửa	6
luin	6
ngaing	6
haum	6
ngậu	6
miun	6
nìng	6
cayn	6
dũn	6
chiệp	6
uầy	6
siếp	6
hùi	6
nỗn	6
giào	5
pẻng	5
mẹc	5
vàu	5
cuờng	5
huyng	5
uản	5
khề	5
phạng	5
phén	5
duềnh	5
quó	5
vùnh	5
dựn	5
ằng	5
kẻn	5
hạu	5
gư	5
xủa	5
xồi	5
cửng	5
óe	5
ỏe	5
õe	5
ụy	5
hoáy	5
ngoẹo	5
nguýt	5
hỗm	5
đuỏi	5
dưỡi	5
duộc	5
nhuồn	5
khặng	5
gồn	5
khút	5
pyng	5
piền	5
đếp	5
gạnh	5
oạp	5
oắng	5
nhốp	5
vếu	5
pưn	5
luôm	5
tãng	5
sàu	5
rếp	5
xọc	5
muỗn	5
trỵ	5
xồng	5
trẩn	5
buớc	5
kiễm	5
lếp	5
uơm	5
uýnh	5
dản	5
mượu	5
nhẻ	5
nhuôm	5
chuyễn	5
xuốt	5
hoặch	5
rõng	5
đoãn	5
xùng	5
ruyền	5
vổng	5
sôm	5
giáu	5
khệ	5
giêm	5
gưi	5
xạm	5
vũm	5
iễn	5
xánh	5
nghịc	5
suốn	5
viếc	5
quốn	5
đuồi	5
tồm	5
rựu	5
đụm	5
ẹt	5
ện	5
ịn	5
iệp	5
uỵch	5
đẩm	5
ngoam	5
tảy	5
bầng	5
sỉa	5
nhuộn	5
huây	5
độnh	5
phếch	5
tuống	5
phiếc	5
tĩn	5
sữu	5
phẳn	5
nóm	5
lẫu	5
nhướn	5
dụn	5
nhưung	5
đõng	5
xuang	5
nhước	5
dãu	5
tặt	5
chõi	5
thănh	5
théc	5
muai	5
nhĩa	5
luán	5
liển	5
iung	5
đìn	5
hiễm	5
gáu	5
buội	5
nóa	5
baym	5
xuận	5
bắm	5
xớn	5
trìm	5
mữ	5
nhũi	5
gời	5
chếm	5
òm	5
hèng	5
thĩ	5
nhữnh	5
nhễ	5
ểm	5
xuyện	5
ngẫng	5
mỉnh	5
tướt	5
luyu	5
sạu	5
chiệu	5
lọm	5
víp	5
piêng	5
ngẫy	5
ngánh	5
quênh	5
đẩng	5
huầy	5
mơm	5
trợi	5
vỳ	5
thiệc	5
nển	5
ngoách	5
họn	5
puam	5
tướp	5
xuốm	5
chuến	5
khẳm	5
khuyng	5
ngóm	5
trờng	5
sịch	5
mếm	5
pương	5
cớn	5
đạu	5
thuết	5
laín	5
tỏn	5
truền	5
sonh	5
toạn	5
khiễn	5
ớp	5
phếp	5
tuật	5
ão	5
mián	5
bóa	5
sế	5
nhiến	5
đuộc	5
nýt	5
phẹt	5
paong	5
cẫm	5
cuớp	5
trõ	5
gáng	5
boim	5
bẫu	5
nhoét	5
dôm	5
luần	5
rĩnh	5
cuê	5
bặng	5
suờn	5
pứ	5
ngớn	5
luốt	5
đặp	5
chuổi	5
gờn	5
thềnh	5
sựa	5
ngốt	5
bíu	5
phờng	5
xừng	5
chuếnh	5
gẩm	5
phót	5
cũnh	5
iám	5
rạy	5
mứng	5
pẳng	5
trênh	5
lèm	5
mốn	5
đềnh	5
phứ	5
khừ	5
khậm	5
xuật	5
màm	5
hươn	5
trồm	5
rợi	5
hắm	5
biun	5
khiều	5
vếch	5
huôn	5
sướn	5
phem	5
ruai	5
sừn	5
giựa	5
đượi	5
cớt	5
laym	5
tèng	5
pẹt	5
nhảng	5
hiếng	5
phớn	5
rỳ	5
mặng	5
phùm	5
ráu	5
toạt	5
khẻn	5
pồng	5
pưng	5
pẻ	5
đão	5
trẹt	5
phươn	5
cằng	5
nủi	5
gayn	5
mể	5
nonh	5
mạm	5
truya	5
nhừn	5
pùa	5
xiến	5
gơm	5
xẽo	5
đởn	5
biệng	5
lỏ	5
nhỏi	5
mấc	5
khún	5
pừn	5
hưn	5
pơn	5
liết	5
cỏng	5
lưởi	5
bỳ	5
rưm	5
lướn	5
phéng	5
choảnh	5
thồm	5
uối	5
trởng	5
xực	5
vớn	5
layng	5
xoăng	5
doánh	5
nử	5
truoi	5
xiếm	5
bũa	5
nuội	5
uốp	5
phâu	5
troan	5
nuam	5
ồi	5
sếnh	5
nuay	5
dịn	5
nghệt	5
gỏn	5
luê	5
ngú	5
đêng	5
guài	5
phiềng	4
ngạy	4
veon	4
doạnh	4
kiung	4
chệc	4
thằm	4
phữu	4
phánh	4
trắt	4
khức	4
lonh	4
õa	4
ọa	4
ũy	4
nhạch	4
ệp	4
xịp	4
sích	4
pụa	4
pấu	4
chóm	4
tởn	4
khày	4
doàng	4
pụ	4
rừu	4
doãng	4
gaing	4
dờng	4
xúa	4
tậy	4
sụy	4
quọ	4
uôm	4
ứt	4
tặp	4
noài	4
ngúm	4
tĩ	4
lẹnh	4
dới	4
thướp	4
vềm	4
chổn	4
trânh	4
ớm	4
khàm	4
mãy	4
sẵm	4
thớn	4
giệp	4
gại	4
tữu	4
lỉm	4
ngắng	4
boam	4
buyn	4
troing	4
mậc	4
haong	4
lớm	4
maom	4
vứi	4
xẹ	4
quuyết	4
gứi	4
mễn	4
vứng	4
dânh	4
bớm	4
sổm	4
thệu	4
giếu	4
xiếu	4
ạm	4
ạng	4
ọi	4
ật	4
ệnh	4
ịnh	4
ụng	4
yện	4
oạch	4
oạn	4
quèo	4
miễm	4
dêm	4
mạu	4
bủm	4
ngoày	4
mẳng	4
xoắc	4
loái	4
dợi	4
khòi	4
duyết	4
pạo	4
ẩnh	4
vảnh	4
sươn	4
vột	4
huờn	4
trủ	4
trờn	4
khoắm	4
pân	4
ngảnh	4
nhế	4
kện	4
puanh	4
rờm	4
hẻng	4
xệt	4
giổ	4
kìu	4
rử	4
dênh	4
bọi	4
tìng	4
xuội	4
sện	4
sười	4
nhặm	4
nảm	4
cuấn	4
chựa	4
pắn	4
rố	4
ngẳng	4
rội	4
xoày	4
đồnh	4
nhẹp	4
giộc	4
soàn	4
phỗi	4
oắt	4
dyng	4
nuốn	4
hiung	4
nănh	4
ruội	4
nhưnh	4
dộp	4
bỏm	4
đoanh	4
uyum	4
nhuyển	4
khoãng	4
sọng	4
hều	4
trẹ	4
moam	4
vẩm	4
ủm	4
cưởng	4
dẩm	4
bín	4
nồ	4
sĩnh	4
nẫy	4
kịm	4
tèm	4
phẫm	4
khượng	4
nhợn	4
phìng	4
hõi	4
tuyan	4
bãn	4
tuyu	4
vệnh	4
nghiếp	4
cuyển	4
rầng	4
nuơng	4
quích	4
chúy	4
pốp	4
mĩa	4
giểu	4
đấc	4
duyn	4
tuềnh	4
khoay	4
pưa	4
dọt	4
síng	4
thựa	4
ưỡng	4
rấp	4
ngóp	4
nươn	4
mưởng	4
sấng	4
luột	4
nhữa	4
óm	4
vườm	4
tuang	4
tịn	4
thuống	4
giảu	4
sửi	4
biệm	4
sưm	4
phenh	4
xẹc	4
xặng	4
phựt	4
baong	4
dóp	4
bêm	4
quớc	4
đử	4
máp	4
tịc	4
luyan	4
trậng	4
tứa	4
nhạng	4
quển	4
giất	4
trùnh	4
ngyễn	4
sừa	4
quun	4
pị	4
khủm	4
biệp	4
uớp	4
keom	4
uồng	4
xuỗng	4
nguầy	4
khiếng	4
nguần	4
dủa	4
trụa	4
chuện	4
giúi	4
gảm	4
nghêm	4
trịt	4
roăng	4
chiệm	4
cầng	4
dườm	4
thêng	4
khiệp	4
gùn	4
ngúa	4
tứu	4
puin	4
hiễn	4
choát	4
hộng	4
loàng	4
khớ	4
sơng	4
sóp	4
khót	4
tẩng	4
chềnh	4
rèng	4
maim	4
hởn	4
taym	4
ếc	4
khuế	4
thạn	4
đòa	4
nõng	4
nểu	4
hươi	4
thuyện	4
quinh	4
khoãn	4
cãm	4
uých	4
díc	4
phâng	4
từu	4
giức	4
chớt	4
tiếnh	4
rấc	4
lịn	4
chunh	4
luyệt	4
luối	4
sạy	4
trẹn	4
chụng	4
cứp	4
vuim	4
rồm	4
tròm	4
hụm	4
thọng	4
truôn	4
óp	4
pề	4
gợp	4
cượm	4
rườn	4
mờng	4
lắn	4
xầy	4
nhụn	4
khơn	4
đệt	4
cườn	4
boang	4
thửu	4
vép	4
saín	4
nhõn	4
dynh	4
chuáng	4
thừi	4
miễng	4
sóm	4
cẫu	4
thùi	4
xọa	4
uẫn	4
giảy	4
gựa	4
tõi	4
pính	4
thến	4
truệ	4
nựa	4
nghẻ	4
bý	4
phiễu	4
ngở	4
phưa	4
suổng	4
huốc	4
thượn	4
hêm	4
phều	4
xể	4
bẹnh	4
thuyu	4
èm	4
runh	4
nuang	4
luơn	4
goam	4
nhía	4
voay	4
thội	4
ẳm	4
xoạng	4
coeo	4
vủng	4
hiàn	4
biam	4
èng	4
mium	4
thếnh	4
dụt	4
huain	4
chịch	4
synh	4
phaung	4
thuam	4
moăn	4
nguay	4
nhonh	4
naym	4
chuam	4
tuanh	4
khuoi	3
goát	3
vẹc	3
nưn	3
nghiềng	3
nhịt	3
khõi	3
hầng	3
xũn	3
bướn	3
liệc	3
rý	3
dửu	3
mẹp	3
xắm	3
giuyn	3
pẹ	3
nhêm	3
pạng	3
trễn	3
câung	3
gheo	3
mẳm	3
giọi	3
pủn	3
khém	3
ìn	3
iền	3
xuya	3
nhuê	3
huôm	3
ãn	3
sý	3
đòm	3
xịu	3
ngặm	3
điạc	3
sỗng	3
sìng	3
nuồi	3
khưn	3
chủm	3
góm	3
trụt	3
phòm	3
phuờng	3
giạm	3
choay	3
rười	3
ruyan	3
ngạng	3
trửng	3
tuên	3
đẳn	3
víc	3
khuých	3
chưỡi	3
giễm	3
phắng	3
sớc	3
nùn	3
vợn	3
muờng	3
truổng	3
thợng	3
viang	3
xiệp	3
tuyễn	3
dèn	3
thuậy	3
giêu	3
múng	3
nguợc	3
íc	3
phền	3
gận	3
donh	3
yệm	3
ặng	3
ạp	3
ợm	3
yệu	3
ượu	3
uội	3
uệch	3
rặm	3
ghẹt	3
khuấn	3
dịt	3
bếch	3
chõe	3
lẽm	3
ngương	3
xệp	3
hẽ	3
thẹc	3
ờn	3
bờng	3
ngãu	3
nhốm	3
míc	3
pêu	3
lỉa	3
tyến	3
puồn	3
pénh	3
pôm	3
muốm	3
cồm	3
sốm	3
nguờ	3
rẻng	3
hệnh	3
doãi	3
doản	3
dùa	3
nhậc	3
nớm	3
díng	3
xuâm	3
pần	3
guê	3
lănh	3
pắp	3
bỏa	3
cắch	3
rưa	3
cưn	3
quén	3
nhợm	3
phồi	3
khĩ	3
niếm	3
thưu	3
nghing	3
cặng	3
vìa	3
rến	3
khủn	3
sợt	3
giẩm	3
hoách	3
ruống	3
khồn	3
dóa	3
trít	3
quých	3
kiễu	3
phịt	3
ngoao	3
hoãng	3
khớc	3
soang	3
ngẳm	3
bủi	3
nghianh	3
huyanh	3
bảu	3
phể	3
lểnh	3
guồn	3
thiếm	3
lảy	3
vính	3
khuộc	3
gưng	3
thớp	3
xâng	3
dỉa	3
đữa	3
mìu	3
rản	3
nặt	3
mứu	3
rượm	3
pọc	3
siểng	3
guyễn	3
trẫn	3
vẫm	3
ầng	3
thịu	3
haung	3
luợn	3
phíp	3
nhỏng	3
thiểng	3
phín	3
tiàm	3
tỗi	3
trưu	3
đụa	3
chểng	3
cãnh	3
pãm	3
gũ	3
ngẩy	3
tẽng	3
khần	3
nhuối	3
lượi	3
điễm	3
bơng	3
bệng	3
rọn	3
vuờn	3
vuộc	3
khoam	3
mử	3
mìa	3
lium	3
thửng	3
xải	3
nguyêm	3
sủm	3
ngoãi	3
õng	3
nguễn	3
kiáp	3
giãng	3
gượm	3
mựa	3
cùnh	3
chĩu	3
lỗng	3
pảo	3
khìn	3
puyu	3
nuổi	3
sỏn	3
ngoạng	3
đểnh	3
nuận	3
luên	3
trúm	3
lẻm	3
phưn	3
dáp	3
thyn	3
sía	3
soáng	3
gớt	3
thyền	3
trụm	3
buyun	3
đũm	3
coim	3
khừu	3
guyam	3
suyan	3
chuội	3
nêng	3
ngổi	3
duyang	3
dúc	3
quânh	3
nứi	3
thoài	3
bợn	3
đíu	3
đượch	3
guých	3
niáng	3
piết	3
dói	3
chéc	3
mưi	3
thụi	3
khật	3
ngơm	3
muyn	3
tổnh	3
nhoàng	3
xiểu	3
triung	3
nưu	3
vứa	3
khọa	3
đẹo	3
siểu	3
hẫm	3
lộm	3
lỗn	3
hửi	3
tuốn	3
hượi	3
vứu	3
tuyếng	3
nghiếc	3
độp	3
khoăng	3
mểm	3
ngoặm	3
xuynh	3
oảnh	3
xủi	3
nhỡng	3
diềng	3
cạng	3
lẻng	3
bâm	3
khấy	3
uyang	3
khậu	3
lạu	3
ngúc	3
ằm	3
siệu	3
thòa	3
đếng	3
dụy	3
huỗi	3
nguống	3
lím	3
pẳn	3
pậy	3
giẻo	3
duain	3
dạch	3
chủn	3
trấy	3
miềm	3
hẫn	3
póc	3
xạng	3
mự	3
giộng	3
xuối	3
pốn	3
gạy	3
nhứa	3
xểnh	3
phĩ	3
khaon	3
vúc	3
phuát	3
tụp	3
thoạn	3
trặm	3
lyện	3
pìn	3
pén	3
xón	3
xoèn	3
lẳm	3
ngảm	3
lỉn	3
phấu	3
gủn	3
chợn	3
quáo	3
pói	3
vuanh	3
thếu	3
ếu	3
sưới	3
moịt	3
giừ	3
bẻm	3
duồm	3
ngoang	3
pươi	3
ruế	3
lĩa	3
diễng	3
nhốc	3
tộn	3
bọp	3
pọm	3
pống	3
sỳ	3
cặt	3
xéng	3
ngưi	3
khạn	3
lịp	3
khặc	3
sẫu	3
riếp	3
giãnh	3
buyung	3
thũ	3
giừa	3
ghén	3
vìng	3
vúng	3
rém	3
cuang	3
rẵng	3
thạy	3
gàm	3
luyênh	3
òi	3
mẹn	3
lônh	3
choác	3
khấng	3
chuyệm	3
uổn	3
hịp	3
ruya	3
chảu	3
mỉu	3
nghỉu	3
khồ	3
gươi	3
đuột	3
hểu	3
nghiu	3
sềnh	3
thặc	3
thuyan	3
đượn	3
cững	3
nhóa	3
dắm	3
ỗng	3
bẩng	3
tọe	3
thồn	3
hệp	3
đõi	3
nguông	3
meong	3
đệch	3
ngoay	3
suỗi	3
ỉu	3
cẩng	3
ránh	3
goại	3
dừn	3
lợc	3
gúng	3
pọ	3
nhãy	3
xẳng	3
hủm	3
nụi	3
suain	3
trặng	3
nhề	3
ngoanh	3
mịc	3
nghịnh	3
khyết	3
hiênh	3
gạp	3
laong	3
dếm	3
rồn	3
khuật	3
coai	3
lỡn	3
dõn	3
trửa	3
deom	3
lẵm	3
choem	3
giớng	3
pún	3
quịt	3
vaing	3
ảy	3
caing	3
chòn	3
khuôi	3
chẹc	3
choãn	3
khạch	3
cừng	3
toay	3
nguya	3
triềng	3
nờm	3
hượp	3
gẩu	3
ngoãng	3
tuợng	3
sóa	3
ừn	3
bụn	3
khenh	3
bạy	3
tườn	3
khuành	3
niàng	3
giụ	3
đuê	3
thộp	3
sẽn	3
réc	3
nhuật	3
nhãm	3
khíp	3
nhuến	3
quong	3
xật	3
puai	3
soại	3
nhỉm	3
xuồi	3
ngún	2
iểng	2
kyều	2
ìng	2
vỏi	2
đếnh	2
chịp	2
dẽo	2
rượp	2
guyết	2
trựu	2
rừm	2
choái	2
loáy	2
ngoáo	2
khẩng	2
thệt	2
ệc	2
nghiềm	2
gún	2
gẩn	2
giắng	2
mảo	2
bếc	2
mõn	2
hẩn	2
ngớp	2
lưm	2
nhừa	2
mưỡng	2
lùy	2
dẩng	2
hưm	2
nỉa	2
giệm	2
nhuôn	2
khõa	2
ìm	2
uênh	2
oăng	2
tuyếc	2
quám	2
thuấm	2
xưm	2
vuộng	2
dầng	2
rưởng	2
bứ	2
trón	2
haọch	2
thén	2
trộc	2
khuyếm	2
ngoẻo	2
giởn	2
ứp	2
xừa	2
thẽ	2
khụt	2
rượn	2
noạn	2
ợn	2
tríu	2
kým	2
bẳm	2
đuện	2
vím	2
bựu	2
truội	2
guống	2
coam	2
phọc	2
khâng	2
sỷ	2
giòm	2
giên	2
trựng	2
lõn	2
xẽ	2
thônh	2
gủa	2
xậu	2
sờm	2
khẳn	2
lầng	2
gạng	2
guân	2
khẻo	2
nuyn	2
hoăn	2
nèng	2
khươi	2
ặp	2
ọm	2
ọn	2
ộm	2
ộn	2
ựng	2
iệm	2
ụa	2
uộm	2
uộn	2
uộng	2
riểu	2
pián	2
cữa	2
trườu	2
voanh	2
khưng	2
đượp	2
giột	2
ngỏn	2
ển	2
ứu	2
hễn	2
khuyền	2
tỹ	2
huật	2
nỹ	2
ghiệm	2
xiềm	2
xảng	2
ràu	2
moãn	2
khoặc	2
khèng	2
giâng	2
xẵng	2
mượm	2
luyển	2
xũng	2
choim	2
ngữi	2
khuyếc	2
đuyn	2
mỗm	2
vuệc	2
thổm	2
laom	2
rým	2
duỡng	2
lếc	2
húm	2
xặt	2
xặp	2
khuột	2
chìng	2
ýp	2
phoanh	2
duện	2
khaong	2
puội	2
loãn	2
nầng	2
gợ	2
đõa	2
phêu	2
chếp	2
giôm	2
nghìu	2
giãm	2
kịa	2
gửu	2
quếch	2
mựu	2
nghí	2
thừu	2
chòa	2
cỗng	2
giốnh	2
nía	2
mùm	2
triang	2
tănh	2
chũa	2
thuai	2
lễn	2
ngắp	2
ngởi	2
thịn	2
rổn	2
buất	2
trỳ	2
cạt	2
kiệng	2
nuing	2
ngoát	2
cuán	2
mỗn	2
nguyết	2
thuể	2
phiểm	2
pheong	2
xụm	2
ruất	2
soãi	2
xượt	2
xụi	2
xoèng	2
hĩu	2
giơn	2
nẹo	2
vử	2
xơm	2
gãn	2
puốt	2
boắt	2
noeo	2
giửi	2
yềm	2
huện	2
quâng	2
nhuẫn	2
loán	2
thậy	2
xíc	2
dèo	2
cãu	2
dầnh	2
sựn	2
trữu	2
bượi	2
khởm	2
nuất	2
kíc	2
gùm	2
cuỡng	2
dẩy	2
khoại	2
ruộc	2
giồm	2
puyun	2
khunh	2
hướn	2
nhưi	2
quuân	2
quỵnh	2
trãm	2
tuing	2
xý	2
phởi	2
páy	2
pợi	2
khiun	2
bíng	2
daong	2
thóm	2
khàu	2
lĩng	2
beong	2
đónh	2
tướn	2
tuyếch	2
sựp	2
phoan	2
nễn	2
pàm	2
trổn	2
sứu	2
tượu	2
bếu	2
cỗn	2
nghều	2
thướu	2
tuến	2
pành	2
biếp	2
khuýnh	2
ứn	2
sũy	2
bũng	2
réng	2
khợp	2
kểnh	2
khỡi	2
nenh	2
quum	2
điạn	2
pử	2
nghệnh	2
paím	2
nhaum	2
đoạng	2
ngỏa	2
iunh	2
trặt	2
hyện	2
trầng	2
phuai	2
lươm	2
dẫnh	2
hoạng	2
nhui	2
cẩy	2
hềnh	2
suàn	2
khuến	2
trụp	2
cuyên	2
sỏng	2
giẫn	2
mớt	2
khéc	2
boát	2
khửn	2
nướn	2
xườn	2
gưa	2
cụn	2
quoai	2
giỡi	2
muột	2
phởng	2
mănh	2
moing	2
vỡn	2
loạc	2
khão	2
giụm	2
kyng	2
giuống	2
phỗ	2
huyệnh	2
biút	2
nẽo	2
khồm	2
rửi	2
nượng	2
nghện	2
tréc	2
gưởi	2
leom	2
chỉu	2
chẫm	2
sưn	2
giạo	2
nguyệp	2
soàm	2
khuác	2
giủa	2
tẹc	2
dưu	2
phãn	2
nuin	2
ngúng	2
siếu	2
khưỡng	2
vưỡng	2
bựt	2
tển	2
lứng	2
ngớm	2
guyang	2
nghiết	2
trãnh	2
gùng	2
việm	2
vễ	2
hửm	2
nệu	2
phuống	2
vớc	2
mõng	2
hũy	2
ỗn	2
buớm	2
dõm	2
raom	2
dêu	2
nhuyền	2
thúch	2
ngử	2
moăng	2
poam	2
ngẵn	2
hoin	2
bằnh	2
khuếc	2
khững	2
nghịa	2
hiệc	2
khaỏng	2
kêm	2
bửn	2
xẫy	2
hặn	2
xàn	2
dếp	2
nghệu	2
muyng	2
niến	2
thếm	2
thươn	2
xóng	2
baom	2
mữu	2
giậy	2
trãn	2
thuền	2
toạch	2
pẩm	2
mổng	2
thẫu	2
mũa	2
bừ	2
sùy	2
ngỗn	2
suốc	2
miếm	2
hoắng	2
luỡng	2
ngườn	2
mợt	2
nhờm	2
vếp	2
xằm	2
chỏn	2
ẻm	2
thuoi	2
nhuang	2
treong	2
nhòng	2
từm	2
chiáng	2
rẽn	2
lửi	2
khường	2
pức	2
thụa	2
ềnh	2
xòn	2
íng	2
nhẳn	2
nhết	2
ứnh	2
lợng	2
hùnh	2
tớt	2
khài	2
trừn	2
sãu	2
bưới	2
nhuyện	2
xeom	2
ngồm	2
xuấc	2
nghẽ	2
ĩnh	2
thãn	2
guờ	2
doim	2
quuốc	2
trịng	2
ngũa	2
tĩa	2
khỗ	2
lưn	2
trún	2
bượm	2
ngặng	2
iếm	2
nhỏn	2
hảu	2
sônh	2
sẳm	2
vaon	2
suổi	2
tẻng	2
đủm	2
nưỡng	2
đín	2
pèo	2
pẩy	2
vấm	2
roác	2
vịng	2
tổm	2
gúi	2
nuộc	2
tịm	2
ngoàng	2
lươi	2
phiệc	2
đạnh	2
ngống	2
bọm	2
vạo	2
doam	2
quenh	2
lọe	2
xạch	2
xuết	2
hẻn	2
piát	2
phột	2
mếp	2
khỉm	2
nệt	2
quưới	2
viễng	2
bưn	2
thệnh	2
cừm	2
giuồng	2
cuyang	2
khuận	2
duất	2
mụng	2
cựp	2
cợp	2
dóch	2
doắch	2
thuớ	2
rờng	2
vừn	2
niểng	2
bẵn	2
nhuội	2
ghên	2
giểng	2
pùm	2
khứm	2
dấng	2
tứn	2
pịt	2
piến	2
cứm	2
hụn	2
pịn	2
pộng	2
nghẹp	2
thướn	2
nhươi	2
buôm	2
đuốm	2
nẻng	2
oác	2
chấng	2
đẽn	2
khốm	2
duỗn	2
phượn	2
cổm	2
rểnh	2
khửm	2
rẫn	2
phụn	2
pượn	2
thưn	2
lủm	2
bướt	2
hưnh	2
ngươm	2
khẵng	2
phề	2
nghít	2
lãu	2
viểu	2
hịc	2
dưởi	2
thấc	2
nhếp	2
đèm	2
thiễn	2
sứp	2
ngưỡi	2
nảng	2
thờm	2
chuởng	2
roằng	2
xuyn	2
cuộm	2
pòn	2
vựt	2
bỉn	2
choãng	2
thưỡng	2
chãy	2
baón	2
muấn	2
vều	2
sưỡi	2
truện	2
bonh	2
cượng	2
diung	2
huột	2
giủ	2
nghịp	2
chọm	2
phêng	2
choàm	2
xèm	2
thaim	2
luộn	2
đuổng	2
hỉa	2
rịm	2
nguồm	2
mịa	2
thẳn	2
chưu	2
nghiệng	2
buỏi	2
nhéng	2
ngẵng	2
giè	2
ngừi	2
trõng	2
vớp	2
oinh	2
nhọm	2
thium	2
nhạu	2
xuáy	2
rũi	2
gaung	2
leòn	2
bược	2
cẵng	2
cuãng	2
cuột	2
ngôm	2
thòn	2
khoàm	2
peón	2
pự	2
peom	2
míu	2
ẻng	2
theong	2
luyun	2
nhặp	2
lĩn	2
boai	2
nĩu	2
huàng	2
gậu	2
giớn	2
tẳm	2
ghian	2
bẻn	2
gớp	2
khyên	2
phấy	2
khặm	2
phói	2
biềng	2
khữ	2
mẫng	2
chỉm	2
phiàng	2
khêm	2
cônh	2
đuề	2
hainh	2
khuớc	2
thuânh	2
nùa	2
ruyang	2
mễnh	2
khuyện	2
nẽ	2
sêm	2
ănh	2
puôn	2
tãy	2
tỗ	2
nứu	2
xạp	2
guyn	2
miệc	2
nhóe	2
thuang	2
giọn	2
hịt	2
dianh	2
lỡi	2
xỡ	2
vụi	2
ỡng	2
ânh	2
tãn	2
kéc	2
ghiu	2
sảu	2
cuẩn	2
trén	2
chuẫn	2
nhuẩn	2
gúm	2
hườm	2
xươn	2
vayng	2
cuổn	2
tớc	2
chuên	2
mửu	2
phĩu	2
quề	2
bõng	2
déng	2
ũa	2
xầu	2
điệc	2
quing	2
lunh	2
cươn	2
truợt	2
dễu	2
loằn	2
đaịt	2
théng	2
thânh	2
soản	2
ainh	2
xiếng	2
khãi	2
vỏng	2
hỳnh	2
nuồn	2
chuyu	2
luain	2
xấn	2
nầu	2
cunh	2
lặm	2
nhuyễng	2
sọn	2
buơm	2
khấch	2
chỷ	2
nắt	2
nhộc	2
poay	2
uán	2
gỏa	2
sýn	2
phúa	2
thoanh	2
oing	2
quoắt	2
dẫng	2
nguỳa	2
giơng	2
suống	2
hựng	2
vếng	2
giét	2
khớt	2
thuội	2
nìm	2
thuơ	2
gữu	2
ngơn	2
roát	2
nghỉn	2
thým	2
êung	2
lửu	2
ểu	2
layn	2
xuýp	2
léch	2
ẩy	2
cuộng	2
ngản	2
móch	2
khuệ	2
bèm	2
phụi	2
kịn	2
yếp	2
ayng	2
kìng	2
róp	2
chẩng	2
quoán	2
tẹ	2
nhịnh	2
nhỗi	2
lịt	2
xuyang	2
thột	2
yền	2
xất	2
nhoem	2
dẹm	2
dén	2
phộ	2
phịm	2
nhặc	2
liểm	2
dổng	2
huim	2
nệnh	2
pượng	2
piáng	2
phượp	2
queon	2
phõng	2
cớp	2
chấc	2
vụp	2
đệng	2
duyung	2
nỏa	2
pón	2
chuàng	2
ngùm	2
phỉu	2
nghem	2
vặng	2
thaun	2
bưỡi	2
pynh	2
pốm	2
ĩn	2
roãn	2
gừi	2
guốn	2
tếnh	2
bũm	2
nuín	2
caín	2
pã	1
chợi	1
đưu	1
giắp	1
khỉn	1
xện	1
hyng	1
quẹn	1
vữu	1
duýt	1
viềm	1
huộng	1
mỡng	1
pớc	1
pảu	1
mảu	1
mẹng	1
ấng	1
ruận	1
ián	1
trẻm	1
rệch	1
khực	1
trõn	1
vóa	1
thỉn	1
mũn	1
quình	1
nghễu	1
yếung	1
pịch	1
nặp	1
vuợn	1
gụy	1
quãm	1
khứn	1
kiùn	1
ngoãm	1
gựp	1
pột	1
khíu	1
huỵnh	1
iễu	1
uâng	1
quớ	1
dấnh	1
ruôm	1
suồn	1
đuây	1
hờng	1
xứt	1
phổm	1
kiạt	1
đẻm	1
dẳm	1
chyết	1
trế	1
phonh	1
gión	1
đĩn	1
thainh	1
nhĩu	1
ghểnh	1
huỳn	1
đửa	1
nõa	1
pở	1
tịp	1
nghẻn	1
quợ	1
đẩn	1
pình	1
khoánh	1
dyên	1
triếc	1
đuồng	1
quãy	1
nhớc	1
coác	1
hoẻn	1
moain	1
giuáp	1
nguê	1
dờm	1
iát	1
dým	1
thuôi	1
giặng	1
lỳnh	1
pọp	1
lýnh	1
thuãn	1
hium	1
bợc	1
gửa	1
nghian	1
thển	1
ngướng	1
nhuộng	1
kiếc	1
sẻng	1
đỡm	1
rỏng	1
xỷ	1
vuên	1
rũng	1
nhùm	1
nghiểu	1
thẵnh	1
maõn	1
cưi	1
ạy	1
ạu	1
ặm	1
ặn	1
ẹn	1
ẹng	1
ọng	1
ậng	1
ậc	1
ệu	1
ệm	1
ệch	1
ịu	1
ịm	1
ỵm	1
ịp	1
ỵp	1
ỵch	1
ựi	1
ụi	1
ụn	1
iệng	1
yệng	1
yệp	1
yệt	1
ượi	1
ượm	1
ượn	1
ượp	1
oạy	1
uạy	1
oặm	1
oặn	1
oạnh	1
uạnh	1
oặng	1
oặp	1
uạch	1
uại	1
oạo	1
oạm	1
uạm	1
uạn	1
oạng	1
uạng	1
uạp	1
uạt	1
oạc	1
uạc	1
oẹo	1
oẹm	1
oẹn	1
oẹng	1
oẹt	1
uậy	1
uậng	1
uợ	1
uệ	1
uện	1
uệnh	1
uệt	1
uỵu	1
uỵn	1
uỵnh	1
uỵp	1
uỵt	1
uỵa	1
uyệt	1
vến	1
chọp	1
phậu	1
ngoạy	1
chuing	1
chềng	1
tượn	1
duột	1
mợng	1
giãu	1
póng	1
hởm	1
mớc	1
chãn	1
chện	1
ghín	1
muớn	1
nụt	1
thuýt	1
phuốn	1
đuợm	1
xẹm	1
khuyếnh	1
chuyênh	1
soăn	1
hoặn	1
ễn	1
giõ	1
đỳnh	1
thợn	1
muồm	1
kìn	1
khón	1
diụng	1
nuêng	1
quèng	1
niệng	1
mòm	1
xằn	1
xạn	1
ưỡi	1
dònh	1
khuồi	1
khuỷnh	1
chuốp	1
soáp	1
thuộn	1
đễu	1
bịm	1
sọm	1
khíc	1
xỉng	1
xẳn	1
cuớc	1
hoạp	1
ruyến	1
ruớc	1
giực	1
quầm	1
rẩm	1
phện	1
xạnh	1
muých	1
luênh	1
soàng	1
đuých	1
noán	1
lỉu	1
choăng	1
tiành	1
khuồn	1
nướm	1
ngợn	1
chừn	1
phảnh	1
coang	1
địp	1
luýp	1
quỹnh	1
phỉng	1
vóm	1
rãu	1
siễu	1
sợp	1
triếng	1
rỏm	1
đuỗi	1
xẩn	1
giaùm	1
suấp	1
pẹc	1
tuếp	1
tũa	1
hoẳn	1
ruynh	1
quyêng	1
diụp	1
rỏn	1
nghỉnh	1
ngòng	1
xuệ	1
chưỡng	1
bòm	1
pủa	1
vổn	1
coạnh	1
khầm	1
hớm	1
nhễm	1
roằn	1
ngoạch	1
lỹng	1
sươm	1
đỉn	1
huệng	1
doành	1
súch	1
xủn	1
ưởn	1
chiàn	1
xoẵn	1
doao	1
vuyếc	1
rẹm	1
gioai	1
khuin	1
ghể	1
thựu	1
huởn	1
đượu	1
buán	1
tuền	1
cữi	1
doạch	1
đẵm	1
sỡm	1
oãn	1
phủm	1
đưm	1
khếu	1
boàn	1
tũ	1
nguyệm	1
tròa	1
rổm	1
nhới	1
thuynh	1
thệp	1
suây	1
xõ	1
cyng	1
buơn	1
nguyễng	1
cấnh	1
giuơng	1
trốp	1
suim	1
mậy	1
tếc	1
gỡi	1
vònh	1
thầng	1
mốch	1
pổn	1
xuổi	1
đủn	1
giện	1
yếut	1
quáy	1
thợc	1
trẵng	1
teom	1
nguỗng	1
vọnh	1
ĩa	1
toành	1
toáy	1
suân	1
thuợc	1
vêu	1
nhọng	1
khịch	1
nhướm	1
huỡn	1
hĩa	1
nẵn	1
chươm	1
hiệng	1
nguớc	1
thịng	1
duỳng	1
launh	1
phợng	1
gợt	1
khuam	1
ngyện	1
hõn	1
nguyêng	1
quỳn	1
bạp	1
nỡi	1
nuộng	1
xãm	1
nhẫu	1
bũ	1
uáng	1
cuyến	1
khờn	1
huẫn	1
cuần	1
caong	1
rỗn	1
gúa	1
uảng	1
loẻo	1
ngứng	1
púc	1
pật	1
thuễ	1
giắm	1
uốt	1
khưm	1
phươnh	1
cuảng	1
rằnh	1
gyêng	1
gyếng	1
dượm	1
bậm	1
tyển	1
tửm	1
mẳnh	1
vậu	1
khuýt	1
hệch	1
kíng	1
luễnh	1
hých	1
vịa	1
thìm	1
nhuôi	1
tonh	1
hươnh	1
ngoãnh	1
phốn	1
pơm	1
thớng	1
thặm	1
truyệnh	1
thoắc	1
trõi	1
chạu	1
kệu	1
thẹm	1
aong	1
hắp	1
gơng	1
paonh	1
vảu	1
xóp	1
phaim	1
suyến	1
ngụn	1
sãng	1
giép	1
nhoái	1
siàng	1
viêu	1
xùi	1
luyung	1
luàn	1
đớng	1
khỗng	1
kiếnh	1
tuyang	1
doăng	1
thịm	1
phềm	1
ríc	1
lển	1
chữi	1
vián	1
neón	1
loàm	1
hém	1
niếc	1
nghình	1
truyêng	1
sũa	1
pạu	1
thãy	1
huyếp	1
dợm	1
duợc	1
nghền	1
bặch	1
duỵng	1
chứi	1
troang	1
đụnh	1
tảnh	1
phầnh	1
thưởi	1
bùnh	1
chướt	1
phuôn	1
quẵn	1
thợp	1
triêun	1
vốp	1
phòi	1
đợp	1
oằng	1
phựu	1
xẹn	1
giiếm	1
ghẹm	1
dươing	1
mãm	1
noay	1
chựp	1
tuệt	1
neong	1
vuất	1
puym	1
uề	1
treon	1
baín	1
dụnh	1
cứi	1
trày	1
ruõi	1
nòa	1
xớm	1
noái	1
ngướu	1
sỵ	1
vươi	1
điễu	1
cuộp	1
lùnh	1
trèng	1
ưúng	1
xọe	1
phãng	1
troạn	1
ổm	1
xộng	1
biếnh	1
vầm	1
hộm	1
trười	1
chuớc	1
riễng	1
đếc	1
choánh	1
đyều	1
ngoing	1
biểng	1
cộnh	1
thaót	1
giễ	1
loác	1
đươm	1
thuốn	1
daọnh	1
thẵng	1
trứa	1
gủ	1
phuẫn	1
xụy	1
khộm	1
khọng	1
đỡn	1
iản	1
thịc	1
tuộng	1
chứch	1
rửng	1
phớp	1
nuôn	1
xỏng	1
giợt	1
chuýt	1
guản	1
bử	1
guyền	1
daunh	1
ghễ	1
cươi	1
cuác	1
buộn	1
vưởn	1
roanh	1
kịu	1
nhãnh	1
ếnh	1
tếm	1
đọp	1
phưu	1
váu	1
muíc	1
vuống	1
huớc	1
cỗm	1
tỗnh	1
chủnh	1
nhễu	1
pơi	1
chệm	1
gỗm	1
bèng	1
noăn	1
dọp	1
sýp	1
nìa	1
vỉn	1
uờm	1
cõn	1
gứng	1
nhoám	1
rậy	1
ronh	1
ngưn	1
nhủa	1
nậc	1
rậc	1
quỵch	1
lứi	1
đướn	1
piểu	1
xuôn	1
đườm	1
moắt	1
thườing	1
piun	1
muế	1
truốc	1
ruổn	1
troàn	1
ướit	1
khếc	1
nổm	1
laọt	1
nhỏa	1
loào	1
hếm	1
kĩn	1
mầng	1
khẻng	1
pển	1
chểu	1
tuạn	1
nhộ	1
thẳnh	1
chuyểm	1
cượu	1
tấnh	1
chẻn	1
toải	1
nghểu	1
mưỡn	1
khuyn	1
suội	1
trém	1
xứu	1
đựt	1
taonh	1
thoam	1
nguỡng	1
chốnh	1
xuấng	1
đuoi	1
truýp	1
cuờ	1
daom	1
xuổn	1
giuớ	1
khũy	1
quuan	1
quía	1
troim	1
cươnh	1
gộm	1
ngãnh	1
xuẫn	1
khânh	1
cỏa	1
tuển	1
vượnh	1
pừ	1
hiám	1
mễu	1
traong	1
loắn	1
ữu	1
quô	1
quậng	1
xĩu	1
cụch	1
vừu	1
nãnh	1
pặng	1
puộp	1
cướm	1
chiễu	1
cậc	1
nguồnh	1
nguộm	1
xãn	1
khượp	1
vănh	1
thặt	1
tiám	1
quởn	1
mửng	1
thốm	1
nìn	1
vuồng	1
puán	1
riệm	1
dểu	1
thẩng	1
ngóa	1
rấu	1
piếc	1
tuồm	1
tửa	1
pày	1
nhoách	1
nưởng	1
pỉn	1
luội	1
luồm	1
phuê	1
tỏm	1
nưnh	1
buộp	1
phạnh	1
puống	1
cưm	1
pỏm	1
pàu	1
hơng	1
pến	1
soạp	1
nỉn	1
tuýn	1
quông	1
ấch	1
buyết	1
soải	1
rưu	1
thựng	1
iác	1
iúp	1
ghịt	1
xuêm	1
ngòe	1
họch	1
hỗnh	1
thuoing	1
thuyềm	1
sẫy	1
phủa	1
pủng	1
buổng	1
đướt	1
khoéc	1
pước	1
piàng	1
ghềm	1
noát	1
dưn	1
nỗng	1
nhổi	1
põ	1
thaùng	1
puối	1
mơng	1
khiếc	1
chứp	1
rìng	1
rỳng	1
pánh	1
rọp	1
sĩa	1
nởn	1
xoét	1
thìu	1
thưới	1
choanh	1
hền	1
vùm	1
chêu	1
queng	1
đuân	1
chợch	1
ngain	1
giem	1
thãnh	1
khiệu	1
khạm	1
hiệnh	1
tựi	1
doảng	1
phệnh	1
huyệm	1
phạy	1
aúc	1
giồn	1
suyện	1
đãu	1
guíp	1
khoặm	1
nhợp	1
nhòn	1
ngướm	1
quiết	1
phắp	1
truyng	1
choàn	1
nợng	1
kỉa	1
khôing	1
buâng	1
vuật	1
chởi	1
rịu	1
họm	1
chữm	1
thỡ	1
chẹch	1
bịc	1
thựch	1
buyện	1
giẹo	1
mởm	1
quuyển	1
rũy	1
bụnh	1
chúnh	1
gưn	1
đuội	1
choắc	1
giếp	1
dốm	1
éch	1
chíc	1
loải	1
hýt	1
thỗng	1
nhuễ	1
hânh	1
séch	1
nừ	1
chỏe	1
gạm	1
tẫng	1
khọm	1
aúng	1
bễnh	1
chuẩm	1
khằn	1
duyu	1
thaonh	1
rảm	1
điểnh	1
dựu	1
xoáng	1
bíc	1
thớc	1
dậng	1
ẳn	1
phắn	1
tuách	1
phưỡng	1
lễnh	1
tiung	1
puân	1
xaon	1
thoem	1
voáng	1
sịn	1
toèn	1
hiúp	1
đừi	1
siung	1
mậm	1
giệu	1
quím	1
phưỡn	1
dớm	1
nguên	1
kiát	1
nhìa	1
uỳnh	1
huing	1
sứm	1
lớc	1
tềm	1
xẻnh	1
cuốp	1
phânh	1
chụn	1
pổ	1
thườnh	1
ím	1
vộng	1
niung	1
đỏn	1
rẵnh	1
sạnh	1
moeo	1
trụn	1
yễn	1
muói	1
đượic	1
nhuyễm	1
nhoánh	1
vịm	1
thoắn	1
gọm	1
quể	1
quấu	1
tũm	1
tĩm	1
nợp	1
dỗm	1
dổm	1
giiảm	1
riếc	1
truyễn	1
nghèng	1
suấn	1
rộnh	1
giõng	1
rữu	1
đỡi	1
uỗn	1
chõm	1
niễm	1
khỉu	1
giún	1
ruyn	1
kỉm	1
vợp	1
khiễnh	1
dùnh	1
nynh	1
khiễm	1
luãn	1
quiền	1
nhoạch	1
nuớng	1
rủy	1
aũng	1
giúc	1
nướic	1
dỳ	1
goíp	1
vước	1
đầng	1
độm	1
chõn	1
truyềnh	1
tuội	1
xọn	1
xõng	1
haòn	1
mịm	1
pỉng	1
thuàn	1
đônh	1
bắch	1
khìu	1
tỏe	1
mẵm	1
chuỵt	1
pùn	1
xẻm	1
vặp	1
xỗ	1
uẩy	1
cuân	1
vựu	1
mụp	1
côing	1
ngượt	1
tỷnh	1
chuyếm	1
hấng	1
giũn	1
khuổn	1
vuồn	1
tiệng	1
tẽn	1
nhẵm	1
xửi	1
đuác	1
đúnh	1
pủi	1
caym	1
hỗi	1
huyênh	1
ngúp	1
vớm	1
suác	1
hịu	1
đễm	1
duỵt	1
khượi	1
quàu	1
thoãn	1
nọp	1
lịu	1
muổn	1
bănh	1
xĩa	1
phụp	1
mỉn	1
suộm	1
huyang	1
giổng	1
tọp	1
nỉng	1
tuyam	1
xứa	1
nhưũng	1
ghích	1
sườnh	1
chườn	1
tịng	1
rỡi	1
khụp	1
phụm	1
nhậng	1
thãm	1
tỗng	1
giăn	1
nừm	1
chãng	1
hẫy	1
xoại	1
luỳnh	1
nguấy	1
xiệt	1
pấng	1
thiễu	1
vuôn	1
kệm	1
chươing	1
đệc	1
trếp	1
uài	1
hừn	1
ngym	1
nghếnh	1
nhơi	1
dùy	1
tuầng	1
vụa	1
duợt	1
gẵng	1
tờng	1
cụa	1
guàng	1
sặn	1
khuai	1
roàn	1
oàm	1
tốch	1
paum	1
việu	1
voào	1
sắch	1
nguyệch	1
uyệch	1
bém	1
hìa	1
nghép	1
giùn	1
hianh	1
xúch	1
truống	1
gướm	1
nễu	1
trững	1
lậnh	1
xuên	1
pường	1
khẻm	1
phợp	1
hiáp	1
giýp	1
truột	1
xảu	1
thuộng	1
xộm	1
ngoáp	1
duễn	1
trịu	1
chuyêng	1
ngãy	1
pùi	1
ruồn	1
sữn	1
nainh	1
lâun	1
mòa	1
rớn	1
iàm	1
luýnh	1
nguyum	1
thuên	1
xoin	1
chuầy	1
miục	1
truộc	1
tuỉnh	1
xặc	1
thượnh	1
luớt	1
chụy	1
đý	1
quaun	1
trianh	1
nhĩm	1
uyng	1
ríng	1
viênh	1
hiếc	1
tuờng	1
trín	1
gũy	1
rẩu	1
chượt	1
tuỗi	1
toam	1
xạy	1
chuyếch	1
pối	1
rẻn	1
thụn	1
cờm	1
vúa	1
đoặc	1
vêm	1
mộp	1
tũi	1
khùn	1
hũng	1
mỹn	1
gất	1
gaum	1
dừu	1
uỗm	1
cẩnh	1
ngyệt	1
ngoin	1
gự	1
chym	1
thủnh	1
bễn	1
mệng	1
khùy	1
mưởi	1
dẻn	1
xếm	1
chưới	1
giưới	1
vuang	1
soao	1
duốt	1
ấc	1
xuấy	1
guám	1
gẳng	1
sấch	1
biểun	1
nhíc	1
voim	1
khôin	1
quã	1
caun	1
trột	1
ghếp	1
cuam	1
chươi	1
iềm	1
xuyêm	1
tởi	1
chiúng	1
loao	1
chỳng	1
muộc	1
huến	1
chuống	1
ngưỡn	1
vìm	1
doay	1
hôin	1
xoằn	1
dứi	1
bười	1
ởm	1
dịng	1
khụm	1
yễu	1
gầng	1
viễnh	1
ỡn	1
ảu	1
troãng	1
nĩnh	1
chứnh	1
khuốn	1
mệch	1
nhỗ	1
uếch	1
loách	1
rứp	1
nẩu	1
chuyếc	1
saót	1
tuếng	1
ngỏi	1
ngượic	1
quến	1
tưởm	1
caìn	1
khoin	1
đoảm	1
chẽo	1
hểm	1
trọnh	1
phừ	1
tềng	1
phẳm	1
mậng	1
thõn	1
gứt	1
khoing	1
muyung	1
bayng	1
huấng	1
tryng	1
trịn	1
toãn	1
roãng	1
giằn	1
ắm	1
tểng	1
ẵn	1
vượi	1
mều	1
xuớng	1
nẫn	1
rănh	1
coing	1
nguân	1
luậc	1
phuyễn	1
xium	1
goảng	1
trượn	1
hoing	1
ngoặp	1
xảnh	1
kịc	1
luổi	1
nhếc	1
xượi	1
gẵn	1
nhuấn	1
đớc	1
sều	1
hoao	1
giuy	1
giôi	1
vểu	1
ghéc	1
tẻnh	1
chàu	1
bậch	1
guôn	1
mụy	1
oằm	1
vễn	1
viếu	1
gưới	1
phịu	1
giẩy	1
deong	1
rĩa	1
giọ	1
nịa	1
nùm	1
khéng	1
điệnh	1
iành	1
mặm	1
quíu	1
phium	1
dạp	1
luậm	1
mứ	1
giốp	1
ịc	1
rươn	1
phửng	1
phõ	1
phễ	1
ửu	1
khián	1
phiàn	1
khiàm	1
nénh	1
thọp	1
coãnh	1
dủng	1
vĩn	1
oain	1
muải	1
tưỡi	1
vốm	1
xớc	1
xửn	1
vonh	1
phãm	1
duyng	1
đoặn	1
khây	1
gượt	1
luynh	1
xuốc	1
hynh	1
tũng	1
gióm	1
giồ	1
chuật	1
hười	1
déch	1
tiục	1
nổn	1
nguển	1
tỷn	1
bónh	1
cuyu	1
phàu	1
xain	1
dống	1
rép	1
boán	1
gủy	1
mẹnh	1
khùi	1
liàm	1
oáp	1
hoãm	1
luập	1
vũn	1
gứm	1
phêm	1
kẹng	1
quoác	1
rõn	1
tiun	1
giuờng	1
dũy	1
uết	1
sẹt	1
sunh	1
toảng	1
piêm	1
lữi	1
cứnh	1
vũi	1
duyển	1
suyết	1
bĩa	1
nhệu	1
tuýnh	1
vứ	1
xuần	1
nghiếm	1
péch	1
rữ	1
muơng	1
thý	1
niun	1
ruôn	1
nhuếnh	1
huể	1
pậc	1
xuyệc	1
dĩng	1
tuay	1
coãng	1
cuốt	1
iáng	1
tởng	1
ngỳ	1
xyng	1
tậng	1
giũng	1
tãnh	1
thỳn	1
mônh	1
tẹm	1
phươm	1
nguây	1
khửu	1
phuợng	1
đẳm	1
cỹng	1
giừi	1
chớng	1
suột	1
thũy	1
khoành	1
nuai	1
hyền	1
nhơng	1
pãn	1
ngoảng	1
xaim	1
nhọa	1
rậng	1
xáu	1
giain	1
trấnh	1
thoạch	1
loim	1
giuột	1
ròa	1
nẻn	1
ơnh	1
sĩn	1
dượch	1
phọa	1
nhoen	1
phịc	1
pheon	1
tunh	1
tứt	1
tều	1
giiúp	1
xòi	1
chừu	1
hừu	1
baing	1
tựn	1
khỷ	1
gonh	1
goịng	1
gản	1
phoin	1
khùm	1
nhém	1
trănh	1
nơng	1
muộm	1
lụch	1
mững	1
khiệm	1
noing	1
loain	1
uyung	1
đaỏn	1
xyên	1
rìn	1
hìu	1
vuốn	1
truôm	1
trết	1
hẹm	1
cũm	1
trậnh	1
eón	1
gử	1
phònh	1
goang	1
xuai	1
nheng	1
nhian	1
nhiang	1
tynh	1
khiung	1
nyên	1
khủi	1
vỗi	1
suộc	1
nảnh	1
xoing	1
chuyệt	1
đẹm	1
xuồn	1
ghến	1
chẳnh	1
miếc	1
gốn	1
giaon	1
uing	1
xại	1
đuya	1
truợng	1
siếng	1
luyễn	1
nhạm	1
choạt	1
nghế	1
rướt	1
giợng	1
khý	1
chiún	1
bặp	1
nghễng	1
phuay	1
xuin	1
xợ	1
thuôm	1
nguận	1
nguột	1
ngùy	1
sệu	1
vẽo	1
hoèn	1
ghéo	1
ngạm	1
phại	1
khợi	1
pạp	1
cướu	1
tớm	1
vếc	1
thốp	1
luỗi	1
nẹm	1
loạy	1
siệc	1
bãnh	1
vịu	1
tyên	1
duyanh	1
chuạp	1
nuỗm	1
triễu	1
nhuyng	1
ều	1
troáy	1
tuyểm	1
đứn	1
thếng	1
tuể	1
hêu	1
gắc	1
khoẳnh	1
xững	1
quợt	1
thẹp	1
caỉnh	1
aính	1
ruồm	1
xẩng	1
buim	1
nhòi	1
tóch	1
khuản	1
vuym	1
miàng	1
nuanh	1
vayn	1
ngoẻn	1
boain	1
nhoạt	1
giuam	1
giạp	1
muyan	1
kỳm	1
bượp	1
mým	1
trừi	1
vuai	1
siun	1
rẳn	1
iễm	1
xuàn	1
daym	1
dốn	1
khoặng	1
nuyện	1
ngầng	1
khãnh	1
boay	1
thếc	1
khếp	1
ẽn	1
chiếnh	1
toao	1
chaong	1
maong	1
vưn	1
híu	1
duận	1
